id,source,prefecture,region,agency,agency_type,title,category,bid_method,announced_date,deadline,budget,spec_status,spec_reason,winner,win_price,detail_url,external_id
709,PPI,,,国土交通省大臣官房官庁営繕部 ／ 大臣官房官庁営繕部,国の機関,特許庁総合庁舎改修（Ｒ７）電気設備工事,電気工事,一般競争入札（標準型）,2025-12-24,2026-03-09,,unknown,,,,https://www.i-ppi.jp/IPPI/SearchServices/Web/Index.htm,PPI-keika-14-2025/12/24
565,京都府入札情報公開,京都府,近畿,建設交通部 京都府山城南土木事務所,都道府県,管内一円小修繕（照明）工事（山南８小修繕第１１号）,電気工事,指名競争入札,2026-06-10,2026-06-10,,available,,,,https://kyoto.efftis.jp/26000/CALS/PPI_P/pages/PPI_P/PiCtBaFi02/PiCtBaFi02start.vm,KYOTO-1-管内一円小修繕（照明）工事（山南８小
566,京都府入札情報公開,京都府,近畿,教育庁 管理部管理課,都道府県,府立学校照明設備LED化改修工事（京都八幡・宇治支援）,電気工事,一般競争入札,2026-06-05,2026-06-12,,available,,,,https://kyoto.efftis.jp/26000/CALS/PPI_P/pages/PPI_P/PiCtBaFi02/PiCtBaFi02start.vm,KYOTO-2-府立学校照明設備LED化改修工事（京
567,京都府入札情報公開,京都府,近畿,教育庁 管理部管理課,都道府県,府立学校照明設備LED化改修工事（須知・福知山）,電気工事,一般競争入札,2026-06-05,2026-06-11,,available,,,,https://kyoto.efftis.jp/26000/CALS/PPI_P/pages/PPI_P/PiCtBaFi02/PiCtBaFi02start.vm,KYOTO-3-府立学校照明設備LED化改修工事（須
568,京都府入札情報公開,京都府,近畿,建設交通部 京都府乙訓土木事務所,都道府県,管内一円小修繕（電気）工事（乙８小修繕第５号）,電気工事,指名競争入札,2026-06-04,2026-06-04,,available,,,,https://kyoto.efftis.jp/26000/CALS/PPI_P/pages/PPI_P/PiCtBaFi02/PiCtBaFi02start.vm,KYOTO-4-管内一円小修繕（電気）工事（乙８小修
569,京都府入札情報公開,京都府,近畿,建設交通部 京都府港湾局,都道府県,重要港湾舞鶴港 物流基盤重点整備事業（多目的クレーン更新）工事（港８舞鶴港基整（多C）第６５００号の１の１）,電気工事,一般競争入札,2026-05-29,2026-06-08,,available,,,,https://kyoto.efftis.jp/26000/CALS/PPI_P/pages/PPI_P/PiCtBaFi02/PiCtBaFi02start.vm,KYOTO-5-重要港湾舞鶴港 物流基盤重点整備事業
570,京都府入札情報公開,京都府,近畿,教育庁 管理部管理課,都道府県,府立学校照明設備LED化改修工事（嵯峨野・北嵯峨・洛西・盲）,電気工事,一般競争入札,2026-05-29,2026-06-05,,available,,,,https://kyoto.efftis.jp/26000/CALS/PPI_P/pages/PPI_P/PiCtBaFi02/PiCtBaFi02start.vm,KYOTO-6-府立学校照明設備LED化改修工事（嵯
571,京都府入札情報公開,京都府,近畿,入札課担当案件 入札課,都道府県,京都府中丹文化会館舞台照明設備改修工事（調光操作卓）,電気工事,一般競争入札,2026-05-29,2026-06-05,,available,,,,https://kyoto.efftis.jp/26000/CALS/PPI_P/pages/PPI_P/PiCtBaFi02/PiCtBaFi02start.vm,KYOTO-7-京都府中丹文化会館舞台照明設備改修工
572,京都府入札情報公開,京都府,近畿,教育庁 管理部管理課,都道府県,府立学校照明設備LED化改修工事（海洋・峰山）,電気工事,一般競争入札,2026-05-29,2026-06-04,,available,,,,https://kyoto.efftis.jp/26000/CALS/PPI_P/pages/PPI_P/PiCtBaFi02/PiCtBaFi02start.vm,KYOTO-8-府立学校照明設備LED化改修工事（海
573,京都府入札情報公開,京都府,近畿,警察本部 総務部会計課,都道府県,京都府舞鶴警察署庁舎新築工事（電気設備工事）,電気工事,一般競争入札,2026-05-27,2026-06-11,,available,,,,https://kyoto.efftis.jp/26000/CALS/PPI_P/pages/PPI_P/PiCtBaFi02/PiCtBaFi02start.vm,KYOTO-9-京都府舞鶴警察署庁舎新築工事（電気設
574,京都府入札情報公開,京都府,近畿,建設交通部 京都府乙訓土木事務所,都道府県,伏見向日線他 道路維持修繕業務委託（ポンプ定期点検等）（乙８道維修第７号）,電気工事,一般競争入札,2026-05-26,2026-06-03,,available,,,,https://kyoto.efftis.jp/26000/CALS/PPI_P/pages/PPI_P/PiCtBaFi02/PiCtBaFi02start.vm,KYOTO-10-伏見向日線他 道路維持修繕業務委託（
575,京都府入札情報公開,京都府,近畿,建設交通部 京都府公営企業管理事務所,都道府県,中央監視制御装置等点検業務委託（公管８電委第３３０３号の２の１）,電気工事,一般競争入札,2026-05-26,2026-06-02,,available,,,,https://kyoto.efftis.jp/26000/CALS/PPI_P/pages/PPI_P/PiCtBaFi02/PiCtBaFi02start.vm,KYOTO-11-中央監視制御装置等点検業務委託（公管
576,京都府入札情報公開,京都府,近畿,建設交通部 京都府山城北土木事務所,都道府県,国道３０７号他道路維持修繕（小修繕）工事（山北８道維修（小修繕）第１７号）,電気工事,一般競争入札,2026-05-22,2026-05-29,,available,,,,https://kyoto.efftis.jp/26000/CALS/PPI_P/pages/PPI_P/PiCtBaFi02/PiCtBaFi02start.vm,KYOTO-12-国道３０７号他道路維持修繕（小修繕）
577,京都府入札情報公開,京都府,近畿,建設交通部 京都府山城北土木事務所,都道府県,大津南郷宇治線他道路維持修繕（小修繕）工事（山北８道維修（小修繕）第１６号）,電気工事,一般競争入札,2026-05-22,2026-05-29,,available,,,,https://kyoto.efftis.jp/26000/CALS/PPI_P/pages/PPI_P/PiCtBaFi02/PiCtBaFi02start.vm,KYOTO-13-大津南郷宇治線他道路維持修繕（小修繕
578,京都府入札情報公開,京都府,近畿,入札課担当案件 入札課,都道府県,京都府立府民ホールALTI・京都府公館照明LED化改修工事,電気工事,一般競争入札,2026-05-20,2026-05-26,,available,,,,https://kyoto.efftis.jp/26000/CALS/PPI_P/pages/PPI_P/PiCtBaFi02/PiCtBaFi02start.vm,KYOTO-14-京都府立府民ホールALTI・京都府公
579,京都府入札情報公開,京都府,近畿,建設交通部 京都府南丹土木事務所,都道府県,国道１７３号他道路維持修繕工事＜南丹８道維修第２３号＞,電気工事,指名競争入札,2026-05-18,2026-05-18,,available,,,,https://kyoto.efftis.jp/26000/CALS/PPI_P/pages/PPI_P/PiCtBaFi02/PiCtBaFi02start.vm,KYOTO-15-国道１７３号他道路維持修繕工事＜南丹
580,京都府入札情報公開,京都府,近畿,建設交通部 京都府南丹土木事務所,都道府県,国道４７７号他道路維持修繕工事＜南丹８道維修第２２号＞,電気工事,指名競争入札,2026-05-18,2026-05-18,,available,,,,https://kyoto.efftis.jp/26000/CALS/PPI_P/pages/PPI_P/PiCtBaFi02/PiCtBaFi02start.vm,KYOTO-16-国道４７７号他道路維持修繕工事＜南丹
581,京都府入札情報公開,京都府,近畿,建設交通部 京都府南丹土木事務所,都道府県,国道３７２号他道路維持修繕工事＜南丹８道維修第２１号＞,電気工事,指名競争入札,2026-05-18,2026-05-18,,available,,,,https://kyoto.efftis.jp/26000/CALS/PPI_P/pages/PPI_P/PiCtBaFi02/PiCtBaFi02start.vm,KYOTO-17-国道３７２号他道路維持修繕工事＜南丹
582,京都府入札情報公開,京都府,近畿,京都府公立大学法人京都府立医科大学事務局 大学整備室施設課,都道府県,（仮称）京都ハウス新築工事（電気設備工事）,電気工事,一般競争入札,2026-05-18,2026-05-27,,available,,,,https://kyoto.efftis.jp/26000/CALS/PPI_P/pages/PPI_P/PiCtBaFi02/PiCtBaFi02start.vm,KYOTO-18-（仮称）京都ハウス新築工事（電気設備
583,京都府入札情報公開,京都府,近畿,建設交通部 京都府中丹西土木事務所,都道府県,管内一円 道路維持修繕（小修繕）工事（中西８道維修（小修繕）第９９９号の１の１２）,電気工事,指名競争入札,2026-05-14,2026-05-14,,available,,,,https://kyoto.efftis.jp/26000/CALS/PPI_P/pages/PPI_P/PiCtBaFi02/PiCtBaFi02start.vm,KYOTO-19-管内一円 道路維持修繕（小修繕）工事
584,京都府入札情報公開,京都府,近畿,建設交通部 京都府中丹東土木事務所,都道府県,小浜綾部線ほか小修繕（電気）工事（中東８小修繕第２－４号）,電気工事,一般競争入札,2026-05-12,2026-05-15,,available,,,,https://kyoto.efftis.jp/26000/CALS/PPI_P/pages/PPI_P/PiCtBaFi02/PiCtBaFi02start.vm,KYOTO-20-小浜綾部線ほか小修繕（電気）工事（中
585,京都府入札情報公開,京都府,近畿,建設交通部 京都府中丹東土木事務所,都道府県,国道１７５号ほか小修繕（電気）工事（中東８小修繕第１－５号）,電気工事,一般競争入札,2026-05-12,2026-05-15,,available,,,,https://kyoto.efftis.jp/26000/CALS/PPI_P/pages/PPI_P/PiCtBaFi02/PiCtBaFi02start.vm,KYOTO-21-国道１７５号ほか小修繕（電気）工事（
586,京都府入札情報公開,京都府,近畿,建設交通部 京都府山城南土木事務所,都道府県,管内一円小修繕（照明）工事（山南８小修繕第１１号）,電気工事,一般競争入札,2026-05-11,2026-05-18,,available,,,,https://kyoto.efftis.jp/26000/CALS/PPI_P/pages/PPI_P/PiCtBaFi02/PiCtBaFi02start.vm,KYOTO-22-管内一円小修繕（照明）工事（山南８小
587,京都府入札情報公開,京都府,近畿,建設交通部 京都府中丹西土木事務所,都道府県,管内一円 道路維持修繕（小修繕）工事（中西８道維修（小修繕）第９９９号の１の１２）,電気工事,指名競争入札,2026-04-30,2026-04-30,,available,,,,https://kyoto.efftis.jp/26000/CALS/PPI_P/pages/PPI_P/PiCtBaFi02/PiCtBaFi02start.vm,KYOTO-23-管内一円 道路維持修繕（小修繕）工事
588,京都府入札情報公開,京都府,近畿,建設交通部 京都府丹後土木事務所,都道府県,国道１７８号ほか道路維持修繕（小修繕）工事（丹後８道維修（小修繕）第９９９号の１の２８）,電気工事,一般競争入札,2026-04-30,2026-05-11,,available,,,,https://kyoto.efftis.jp/26000/CALS/PPI_P/pages/PPI_P/PiCtBaFi02/PiCtBaFi02start.vm,KYOTO-24-国道１７８号ほか道路維持修繕（小修繕
589,京都府入札情報公開,京都府,近畿,建設交通部 京都府丹後土木事務所,都道府県,国道１７６号ほか道路維持修繕（小修繕）工事（丹後８道維修（小修繕）第９９９号の１の６）,電気工事,一般競争入札,2026-04-30,2026-05-11,,available,,,,https://kyoto.efftis.jp/26000/CALS/PPI_P/pages/PPI_P/PiCtBaFi02/PiCtBaFi02start.vm,KYOTO-25-国道１７６号ほか道路維持修繕（小修繕
590,京都府入札情報公開,京都府,近畿,その他発注機関 京都府南丹広域振興局（地域連携・振興部）,都道府県,亀岡総合庁舎受変電設備更新工事,電気工事,一般競争入札,2026-04-28,2026-05-12,,available,,,,https://kyoto.efftis.jp/26000/CALS/PPI_P/pages/PPI_P/PiCtBaFi02/PiCtBaFi02start.vm,KYOTO-26-亀岡総合庁舎受変電設備更新工事
591,京都府入札情報公開,京都府,近畿,教育庁 管理部管理課,都道府県,府立洛西高等学校受変電設備改修工事,電気工事,一般競争入札,2026-04-24,2026-05-11,,available,,,,https://kyoto.efftis.jp/26000/CALS/PPI_P/pages/PPI_P/PiCtBaFi02/PiCtBaFi02start.vm,KYOTO-27-府立洛西高等学校受変電設備改修工事
592,京都府入札情報公開,京都府,近畿,教育庁 管理部管理課,都道府県,府立海洋高等学校受変電設備改修工事,電気工事,一般競争入札,2026-04-24,2026-05-11,,available,,,,https://kyoto.efftis.jp/26000/CALS/PPI_P/pages/PPI_P/PiCtBaFi02/PiCtBaFi02start.vm,KYOTO-28-府立海洋高等学校受変電設備改修工事
593,京都府入札情報公開,京都府,近畿,その他発注機関 京都府山城広域振興局（地域連携・振興部）,都道府県,木津総合庁舎受変電設備更新工事,電気工事,一般競争入札,2026-04-24,2026-05-01,,available,,,,https://kyoto.efftis.jp/26000/CALS/PPI_P/pages/PPI_P/PiCtBaFi02/PiCtBaFi02start.vm,KYOTO-29-木津総合庁舎受変電設備更新工事
594,京都府入札情報公開,京都府,近畿,その他発注機関 京都府丹後広域振興局（地域連携・振興部）,都道府県,宮津総合庁舎受変電設備改修工事(Ⅱ期),電気工事,一般競争入札,2026-04-24,2026-05-01,,available,,,,https://kyoto.efftis.jp/26000/CALS/PPI_P/pages/PPI_P/PiCtBaFi02/PiCtBaFi02start.vm,KYOTO-30-宮津総合庁舎受変電設備改修工事(Ⅱ期
595,京都府入札情報公開,京都府,近畿,建設交通部 京都府公営企業管理事務所,都道府県,油圧制御機器等修繕工事（公管８電維修第３３０２号の１の１）,電気工事,一般競争入札,2026-04-07,2026-04-14,,available,,,,https://kyoto.efftis.jp/26000/CALS/PPI_P/pages/PPI_P/PiCtBaFi02/PiCtBaFi02start.vm,KYOTO-31-油圧制御機器等修繕工事（公管８電維修
742,PPI,京都府,近畿,国土交通省近畿地方整備局 ／ 京都国道事務所,国の機関,Ｒ７京都国道管内道路照明更新工事,電気工事,一般競争入札（標準型）,2026-01-23,2026-03-09,,unknown,,,,https://www.i-ppi.jp/IPPI/SearchServices/Web/Index.htm,PPI-keika-7-2026/01/23
774,PPI,京都府,近畿,国土交通省近畿地方整備局 ／ 京都国道事務所,国の機関,寺田拡幅照明設備設置工事,電気工事,一般競争入札（標準型）,2025-05-23,2025-07-15,,unknown,,,,https://www.i-ppi.jp/IPPI/SearchServices/Web/Index.htm,PPI-keika-19-2025/05/23
824,PPI,佐賀県,九州・沖縄,国土交通省九州地方整備局 ／ 佐賀国道事務所,国の機関,令和８年度佐賀国道管内道路照明設備設置及び照明維持工事,電気工事,一般競争入札（標準型）,2026-01-28,2026-03-12,,unknown,,,,https://www.i-ppi.jp/IPPI/SearchServices/Web/Index.htm,PPI-keika-9-2026/01/28
827,PPI,佐賀県,九州・沖縄,国土交通省九州地方整備局 ／ 佐賀国道事務所,国の機関,令和７年度佐賀国道事務所電灯設備改修工事,電気工事,一般競争入札（標準型）,2026-01-20,2026-03-04,,unknown,,,,https://www.i-ppi.jp/IPPI/SearchServices/Web/Index.htm,PPI-keika-12-2026/01/20
825,PPI,佐賀県,九州・沖縄,国土交通省九州地方整備局 ／ 佐賀国道事務所,国の機関,令和７年度佐賀３４号道路照明設備設置工事,電気工事,一般競争入札（標準型）,2026-01-16,2026-03-09,,unknown,,,,https://www.i-ppi.jp/IPPI/SearchServices/Web/Index.htm,PPI-keika-10-2026/01/16
830,PPI,佐賀県,九州・沖縄,国土交通省九州地方整備局 ／ 佐賀国道事務所,国の機関,令和７年度佐賀国道管内道路照明設備設置（その２）工事,電気工事,一般競争入札（標準型）,2026-01-16,2026-02-27,,unknown,,,,https://www.i-ppi.jp/IPPI/SearchServices/Web/Index.htm,PPI-keika-15-2026/01/16
656,PPI,北海道,北海道・東北,国土交通省北海道開発局 ／ 札幌開発建設部（本部）,国の機関,札幌開発建設部管内 道路照明設置工事,電気工事,一般競争入札（同時提出型）,2026-04-03,2026-06-11,,unknown,,協信電気工業株式会社,"81,920,000（税抜き）",https://www.i-ppi.jp/IPPI/SearchServices/Web/Index.htm,PPI-keika-1-2026/04/03
662,PPI,北海道,北海道・東北,国土交通省北海道開発局 ／ 留萌開発建設部（本部）,国の機関,留萌開発事務所管内 道路照明設備更新工事,電気工事,一般競争入札（同時提出型）,2026-03-31,2026-05-27,,unknown,,,,https://www.i-ppi.jp/IPPI/SearchServices/Web/Index.htm,PPI-keika-7-2026/03/31
663,PPI,北海道,北海道・東北,国土交通省北海道開発局 ／ 留萌開発建設部（本部）,国の機関,羽幌道路事務所管内 道路照明設備更新工事,電気工事,一般競争入札（同時提出型）,2026-03-31,2026-05-27,,unknown,,,,https://www.i-ppi.jp/IPPI/SearchServices/Web/Index.htm,PPI-keika-8-2026/03/31
657,PPI,北海道,北海道・東北,国土交通省北海道開発局 ／ 網走開発建設部本部（本部事業課）,国の機関,一般国道３３３号 佐呂間町 新佐呂間トンネル外照明設備更新工事,電気工事,一般競争入札（同時提出型）,2026-03-27,2026-06-03,,unknown,,谷口電工（株）,"357,120,000（税抜き）",https://www.i-ppi.jp/IPPI/SearchServices/Web/Index.htm,PPI-keika-2-2026/03/27
658,PPI,北海道,北海道・東北,国土交通省北海道開発局 ／ 網走開発建設部本部（本部事業課）,国の機関,旭川紋別自動車道 遠軽町 白滝トンネル外照明設備更新工事,電気工事,一般競争入札（同時提出型）,2026-03-27,2026-06-03,,unknown,,サンエス電気通信株式会社,"209,000,000（税抜き）",https://www.i-ppi.jp/IPPI/SearchServices/Web/Index.htm,PPI-keika-3-2026/03/27
659,PPI,北海道,北海道・東北,国土交通省北海道開発局 ／ 網走開発建設部本部（本部事業課）,国の機関,網走道路事務所管内 道路照明設備設置外工事,電気工事,一般競争入札（同時提出型）,2026-03-27,2026-06-03,,unknown,,谷口電工（株）,"99,160,000（税抜き）",https://www.i-ppi.jp/IPPI/SearchServices/Web/Index.htm,PPI-keika-4-2026/03/27
664,PPI,北海道,北海道・東北,国土交通省北海道開発局 ／ 釧路開発建設部本部（本部事業課）,国の機関,釧路開発建設部管内 道路情報表示装置外設置工事,電気工事,一般競争入札（同時提出型）,2026-03-27,2026-05-26,,unknown,,,,https://www.i-ppi.jp/IPPI/SearchServices/Web/Index.htm,PPI-keika-9-2026/03/27
660,PPI,北海道,北海道・東北,国土交通省北海道開発局 ／ 函館開発建設部（本部）,国の機関,一般国道２２９号 江差町 慶喜トンネル外電気設備設置工事,電気工事,一般競争入札（同時提出型）,2026-03-25,2026-05-27,,unknown,,,,https://www.i-ppi.jp/IPPI/SearchServices/Web/Index.htm,PPI-keika-5-2026/03/25
661,PPI,北海道,北海道・東北,国土交通省北海道開発局 ／ 函館開発建設部（本部）,国の機関,一般国道５号 函館市 ＣＣＴＶ設備外設置工事,電気工事,一般競争入札（同時提出型）,2026-03-25,2026-05-27,,unknown,,,,https://www.i-ppi.jp/IPPI/SearchServices/Web/Index.htm,PPI-keika-6-2026/03/25
673,PPI,北海道,北海道・東北,国土交通省北海道開発局 ／ 北海道開発局本局（営繕部営繕管理課）,国の機関,帯広地方合同庁舎増築外２６電気設備工事,電気工事,一般競争入札（同時提出型）,2026-03-23,2026-04-23,,unknown,,,,https://www.i-ppi.jp/IPPI/SearchServices/Web/Index.htm,PPI-keika-18-2026/03/23
665,PPI,北海道,北海道・東北,国土交通省北海道開発局 ／ 室蘭開発建設部本部（本部事業課）,国の機関,美河地区三石ダム電気設備更新工事,電気工事,一般競争入札（同時提出型）,2026-03-19,2026-05-21,,unknown,,,,https://www.i-ppi.jp/IPPI/SearchServices/Web/Index.htm,PPI-keika-10-2026/03/19
666,PPI,北海道,北海道・東北,国土交通省北海道開発局 ／ 室蘭開発建設部本部（本部事業課）,国の機関,一般国道３７号室蘭市白鳥大橋道路情報表示設備設置工事,電気工事,一般競争入札（同時提出型）,2026-03-19,2026-05-21,,unknown,,,,https://www.i-ppi.jp/IPPI/SearchServices/Web/Index.htm,PPI-keika-11-2026/03/19
667,PPI,北海道,北海道・東北,国土交通省北海道開発局 ／ 稚内開発建設部（本部）,国の機関,稚内開発建設部管内 電気通信設備設置工事,電気工事,一般競争入札（同時提出型）,2026-03-19,2026-05-20,,unknown,,,,https://www.i-ppi.jp/IPPI/SearchServices/Web/Index.htm,PPI-keika-12-2026/03/19
669,PPI,北海道,北海道・東北,国土交通省北海道開発局 ／ 旭川開発建設部（本部）,国の機関,旭川開発建設部管内 情報通信設備外設置工事,電気工事,一般競争入札（同時提出型）,2026-03-13,2026-04-30,,unknown,,,,https://www.i-ppi.jp/IPPI/SearchServices/Web/Index.htm,PPI-keika-14-2026/03/13
670,PPI,北海道,北海道・東北,国土交通省北海道開発局 ／ 旭川開発建設部（本部）,国の機関,一般国道１２号 旭川市外 道路照明設置工事,電気工事,一般競争入札（同時提出型）,2026-03-13,2026-04-30,,unknown,,,,https://www.i-ppi.jp/IPPI/SearchServices/Web/Index.htm,PPI-keika-15-2026/03/13
668,PPI,北海道,北海道・東北,国土交通省北海道開発局 ／ 網走開発建設部本部（本部事業課）,国の機関,興部道路事務所管内 道路照明設備更新工事,電気工事,一般競争入札（同時提出型）,2026-03-06,2026-05-13,,unknown,,,,https://www.i-ppi.jp/IPPI/SearchServices/Web/Index.htm,PPI-keika-13-2026/03/06
671,PPI,北海道,北海道・東北,国土交通省北海道開発局 ／ 室蘭開発建設部本部（本部事業課）,国の機関,笹山無線中継所発動発電設備外更新工事,電気工事,一般競争入札（同時提出型）,2026-03-05,2026-04-23,,unknown,,,,https://www.i-ppi.jp/IPPI/SearchServices/Web/Index.htm,PPI-keika-16-2026/03/05
674,PPI,北海道,北海道・東北,国土交通省北海道開発局 ／ 函館開発建設部（本部）,国の機関,乙部岳レーダ雨雪量観測所 非常用発電設備設置外工事,電気工事,一般競争入札（同時提出型）,2026-03-04,2026-04-22,,unknown,,,,https://www.i-ppi.jp/IPPI/SearchServices/Web/Index.htm,PPI-keika-19-2026/03/04
675,PPI,北海道,北海道・東北,国土交通省北海道開発局 ／ 函館開発建設部（本部）,国の機関,北中里無線中継所外放流警報設備設置工事,電気工事,一般競争入札（同時提出型）,2026-03-04,2026-04-22,,unknown,,,,https://www.i-ppi.jp/IPPI/SearchServices/Web/Index.htm,PPI-keika-20-2026/03/04
672,PPI,北海道,北海道・東北,国土交通省北海道開発局 ／ 帯広開発建設部本部（本部事業課）,国の機関,帯広開発建設部管内 非常用発電設備工事,電気工事,一般競争入札（同時提出型）,2026-03-03,2026-04-23,,unknown,,,,https://www.i-ppi.jp/IPPI/SearchServices/Web/Index.htm,PPI-keika-17-2026/03/03
833,PPI,大分県,九州・沖縄,国土交通省九州地方整備局 ／ 大分河川国道事務所,国の機関,令和７年度大分維持出張所管内道路照明灯具取替工事,電気工事,一般競争入札（標準型）,2026-01-15,2026-02-25,,unknown,,,,https://www.i-ppi.jp/IPPI/SearchServices/Web/Index.htm,PPI-keika-18-2026/01/15
760,PPI,大阪府,近畿,国土交通省近畿地方整備局 ／ 豊岡河川国道事務所,国の機関,Ｒ７豊岡管内国道９号交通遮断設備更新工事,電気工事,一般競争入札（標準型）,2026-01-20,2026-03-10,,unknown,,,,https://www.i-ppi.jp/IPPI/SearchServices/Web/Index.htm,PPI-keika-5-2026/01/20
757,PPI,大阪府,近畿,国土交通省近畿地方整備局 ／ 姫路河川国道事務所,国の機関,Ｒ７国道２号バイパス道路照明設備更新工事,電気工事,一般競争入札（標準型）,2026-01-16,2026-03-11,,unknown,,日本リーテック株式会社,"202,900,000（税抜き）",https://www.i-ppi.jp/IPPI/SearchServices/Web/Index.htm,PPI-keika-2-2026/01/16
761,PPI,大阪府,近畿,国土交通省近畿地方整備局 ／ 豊岡河川国道事務所,国の機関,Ｒ７国道４８３号枚田トンネル照明設備更新工事,電気工事,一般競争入札（標準型）,2025-12-26,2026-03-09,,unknown,,,,https://www.i-ppi.jp/IPPI/SearchServices/Web/Index.htm,PPI-keika-6-2025/12/26
763,PPI,大阪府,近畿,国土交通省近畿地方整備局 ／ 営繕部,国の機関,尼崎法務総合庁舎電気設備工事,電気工事,一般競争入札（標準型）,2025-11-18,2026-02-17,,unknown,,,,https://www.i-ppi.jp/IPPI/SearchServices/Web/Index.htm,PPI-keika-8-2025/11/18
765,PPI,大阪府,近畿,国土交通省近畿地方整備局 ／ 大阪国道事務所,国の機関,Ｒ７国道１６３号門真大池地区他道路照明灯設置工事,電気工事,一般競争入札（標準型）,2025-11-18,2026-01-28,,unknown,,,,https://www.i-ppi.jp/IPPI/SearchServices/Web/Index.htm,PPI-keika-10-2025/11/18
766,PPI,大阪府,近畿,国土交通省近畿地方整備局 ／ 営繕部,国の機関,京都中京労働庁舎（仮称）電気設備工事,電気工事,一般競争入札（標準型）,2025-10-10,2025-12-22,,unknown,,,,https://www.i-ppi.jp/IPPI/SearchServices/Web/Index.htm,PPI-keika-11-2025/10/10
767,PPI,大阪府,近畿,国土交通省近畿地方整備局 ／ 淀川ダム統合管理事務所,国の機関,天ケ瀬ダム管理支所庁舎電灯設備改修工事,電気工事,一般競争入札（標準型）,2025-09-05,2025-10-29,,unknown,,,,https://www.i-ppi.jp/IPPI/SearchServices/Web/Index.htm,PPI-keika-12-2025/09/05
773,PPI,大阪府,近畿,国土交通省近畿地方整備局 ／ 営繕部,国の機関,国立京都国際会館展示施設他増築等電気設備工事,電気工事,随意契約,2025-06-10,2025-07-16,,unknown,,,,https://www.i-ppi.jp/IPPI/SearchServices/Web/Index.htm,PPI-keika-18-2025/06/10
770,PPI,大阪府,近畿,国土交通省近畿地方整備局 ／ 姫路河川国道事務所,国の機関,国道２号バイパス道路照明設備整備工事,電気工事,一般競争入札（標準型）,2025-05-30,2025-07-22,,unknown,,,,https://www.i-ppi.jp/IPPI/SearchServices/Web/Index.htm,PPI-keika-15-2025/05/30
775,PPI,大阪府,近畿,国土交通省近畿地方整備局 ／ 姫路河川国道事務所,国の機関,国道２９号引原トンネル照明設備更新工事,電気工事,一般競争入札（標準型）,2025-05-20,2025-07-14,,unknown,,,,https://www.i-ppi.jp/IPPI/SearchServices/Web/Index.htm,PPI-keika-20-2025/05/20
771,PPI,大阪府,近畿,国土交通省近畿地方整備局 ／ 営繕部,国の機関,国立京都国際会館展示施設他増築等電気設備工事,電気工事,一般競争入札（標準型）,2025-03-25,2025-07-17,,unknown,,,,https://www.i-ppi.jp/IPPI/SearchServices/Web/Index.htm,PPI-keika-16-2025/03/25
836,堺市(PPUBC),大阪府,近畿,堺市,市区町村,北消防署百舌鳥出張所受変電設備ほか改修工事,電気工事,一般競争入札,,,,available,,,,https://sakai.efftis.jp/ebid01/PPI/Public/PPUBC00100,PPUBC-堺市-5081000092
837,堺市(PPUBC),大阪府,近畿,堺市,市区町村,堺消防署三国ヶ丘出張所非常用発電設備改修工事,電気工事,一般競争入札,,,,available,,,,https://sakai.efftis.jp/ebid01/PPI/Public/PPUBC00100,PPUBC-堺市-5081000108
838,堺市(PPUBC),大阪府,近畿,堺市,市区町村,東消防署登美丘出張所非常用発電設備改修工事,電気工事,一般競争入札,,,,available,,,,https://sakai.efftis.jp/ebid01/PPI/Public/PPUBC00100,PPUBC-堺市-5081000109
839,堺市(PPUBC),大阪府,近畿,堺市,市区町村,南消防署福泉出張所非常用発電設備改修工事,電気工事,一般競争入札,,,,available,,,,https://sakai.efftis.jp/ebid01/PPI/Public/PPUBC00100,PPUBC-堺市-5081000110
840,堺市(PPUBC),大阪府,近畿,堺市,市区町村,北波止緑地龍女神像照明設備改修工事（第２期）,電気工事,一般競争入札,,,,available,,,,https://sakai.efftis.jp/ebid01/PPI/Public/PPUBC00100,PPUBC-堺市-5081000329
841,堺市(PPUBC),大阪府,近畿,堺市,市区町村,文化財課分室照明器具ＬＥＤ化改修工事,電気工事,一般競争入札,,,,available,,,,https://sakai.efftis.jp/ebid01/PPI/Public/PPUBC00100,PPUBC-堺市-5081000349
842,堺市(PPUBC),大阪府,近畿,堺市,市区町村,府道大阪和泉泉南線ほか道路照明灯建替工事,電気工事,一般競争入札,,,,available,,,,https://sakai.efftis.jp/ebid01/PPI/Public/PPUBC00100,PPUBC-堺市-5081000288
843,堺市(PPUBC),大阪府,近畿,堺市,市区町村,（仮称）大仙西町団地Ｈ棟ほか１棟建替住宅建設ほか工事に伴う電気設備工事,電気工事,一般競争入札,,,,available,,,,https://sakai.efftis.jp/ebid01/PPI/Public/PPUBC00100,PPUBC-堺市-5081000035
718,PPI,奈良県,近畿,国土交通省近畿地方整備局 ／ 奈良国道事務所,国の機関,Ｒ７奈良国道事務所管内道路照明施設更新工事,電気工事,一般競争入札（標準型）,2026-01-23,2026-03-10,,unknown,,松田電気工業株式会社,"155,200,000（税抜き）",https://www.i-ppi.jp/IPPI/SearchServices/Web/Index.htm,PPI-keika-3-2026/01/23
764,PPI,奈良県,近畿,国土交通省近畿地方整備局 ／ 奈良国道事務所,国の機関,Ｒ７釜窪トンネル照明施設他設置工事,電気工事,一般競争入札（標準型）,2025-12-05,2026-02-04,,unknown,,,,https://www.i-ppi.jp/IPPI/SearchServices/Web/Index.htm,PPI-keika-9-2025/12/05
678,PPI,宮城県,北海道・東北,国土交通省東北地方整備局 ／ 磐城国道事務所,国の機関,磐城国道管内照明設備工事,電気工事,一般競争入札（同時提出型）,2026-01-29,2026-03-10,,unknown,,株式会社会津電気工事,"80,100,000（税抜き）",https://www.i-ppi.jp/IPPI/SearchServices/Web/Index.htm,PPI-keika-3-2026/01/29
681,PPI,宮城県,北海道・東北,国土交通省東北地方整備局 ／ 郡山国道事務所,国の機関,郡山国道管内道路照明更新工事,電気工事,一般競争入札（同時提出型）,2026-01-29,2026-03-03,,unknown,,,,https://www.i-ppi.jp/IPPI/SearchServices/Web/Index.htm,PPI-keika-6-2026/01/29
676,PPI,宮城県,北海道・東北,国土交通省東北地方整備局 ／ 南三陸沿岸国道事務所,国の機関,小白浜トンネル外照明設備工事,電気工事,一般競争入札（同時提出型）,2026-01-28,2026-03-13,,unknown,,新興電気株式会社,"163,000,000（税抜き）",https://www.i-ppi.jp/IPPI/SearchServices/Web/Index.htm,PPI-keika-1-2026/01/28
679,PPI,宮城県,北海道・東北,国土交通省東北地方整備局 ／ 岩木川ダム統合管理事務所,国の機関,浅瀬石川ダム管内照明設備工事,電気工事,一般競争入札（同時提出型）,2026-01-28,2026-03-09,,unknown,,大館桂工業株式会社,"20,000,000（税抜き）",https://www.i-ppi.jp/IPPI/SearchServices/Web/Index.htm,PPI-keika-4-2026/01/28
682,PPI,宮城県,北海道・東北,国土交通省東北地方整備局 ／ 三陸国道事務所,国の機関,船越トンネル照明設備工事,電気工事,一般競争入札（同時提出型）,2026-01-14,2026-02-27,,unknown,,,,https://www.i-ppi.jp/IPPI/SearchServices/Web/Index.htm,PPI-keika-7-2026/01/14
683,PPI,宮城県,北海道・東北,国土交通省東北地方整備局 ／ 北上川ダム統合管理事務所,国の機関,田瀬ダム管理用通路照明設備工事,電気工事,一般競争入札（同時提出型）,2026-01-14,2026-02-25,,unknown,,,,https://www.i-ppi.jp/IPPI/SearchServices/Web/Index.htm,PPI-keika-8-2026/01/14
684,PPI,宮城県,北海道・東北,国土交通省東北地方整備局 ／ 営繕部,国の機関,仙台法務総合庁舎（２５）電気設備改修工事,電気工事,一般競争入札（同時提出型）,2025-09-16,2025-11-18,,unknown,,,,https://www.i-ppi.jp/IPPI/SearchServices/Web/Index.htm,PPI-keika-9-2025/09/16
685,PPI,宮城県,北海道・東北,国土交通省東北地方整備局 ／ 営繕部,国の機関,仙台第４地方合同庁舎（２５）電気設備改修その他工事,電気工事,一般競争入札（同時提出型）,2025-09-02,2025-11-12,,unknown,,,,https://www.i-ppi.jp/IPPI/SearchServices/Web/Index.htm,PPI-keika-10-2025/09/02
687,PPI,宮城県,北海道・東北,国土交通省東北地方整備局 ／ 営繕部,国の機関,郡山裁判所（２５）増築棟電気設備工事,電気工事,一般競争入札（同時提出型）,2025-08-04,2025-10-20,,unknown,,,,https://www.i-ppi.jp/IPPI/SearchServices/Web/Index.htm,PPI-keika-12-2025/08/04
689,PPI,宮城県,北海道・東北,国土交通省東北地方整備局 ／ 磐城国道事務所,国の機関,磐城管内トンネル照明設備工事,電気工事,一般競争入札（同時提出型）,2025-07-17,2025-09-10,,unknown,,,,https://www.i-ppi.jp/IPPI/SearchServices/Web/Index.htm,PPI-keika-14-2025/07/17
693,PPI,宮城県,北海道・東北,国土交通省東北地方整備局 ／ 能代河川国道事務所,国の機関,能代国道管内道路照明設備工事,電気工事,一般競争入札（同時提出型）,2025-05-30,2025-07-14,,unknown,,,,https://www.i-ppi.jp/IPPI/SearchServices/Web/Index.htm,PPI-keika-18-2025/05/30
694,PPI,宮城県,北海道・東北,国土交通省東北地方整備局 ／ 岩木川ダム統合管理事務所,国の機関,浅瀬石川ダム照明設備工事,電気工事,一般競争入札（同時提出型）,2025-05-26,2025-07-10,,unknown,,,,https://www.i-ppi.jp/IPPI/SearchServices/Web/Index.htm,PPI-keika-19-2025/05/26
716,PPI,富山県,甲信越・北陸,国土交通省北陸地方整備局 ／ 富山河川国道事務所,国の機関,Ｒ７富山河川国道事務所管内道路照明設備工事,電気工事,一般競争入札（標準型）,2026-01-19,2026-03-13,,unknown,,増山電業株式会社,"125,500,000（税抜き）",https://www.i-ppi.jp/IPPI/SearchServices/Web/Index.htm,PPI-keika-1-2026/01/19
723,PPI,富山県,甲信越・北陸,国土交通省北陸地方整備局 ／ 富山河川国道事務所,国の機関,Ｒ７・８能越道中尾山トンネル照明更新工事,電気工事,一般競争入札（標準型）,2025-07-22,2025-09-17,,unknown,,,,https://www.i-ppi.jp/IPPI/SearchServices/Web/Index.htm,PPI-keika-8-2025/07/22
729,PPI,富山県,甲信越・北陸,国土交通省北陸地方整備局 ／ 富山河川国道事務所,国の機関,令和６年度国道４１号楡原・重忠トンネル照明設備更新工事,電気工事,一般競争入札（標準型）,2025-01-22,2025-03-06,,unknown,,,,https://www.i-ppi.jp/IPPI/SearchServices/Web/Index.htm,PPI-keika-14-2025/01/22
730,PPI,富山県,甲信越・北陸,国土交通省北陸地方整備局 ／ 富山河川国道事務所,国の機関,令和６年度富山河川国道事務所管内照明設備更新工事,電気工事,一般競争入札（標準型）,2025-01-22,2025-03-06,,unknown,,,,https://www.i-ppi.jp/IPPI/SearchServices/Web/Index.htm,PPI-keika-15-2025/01/22
780,PPI,山口県,中国,国土交通省中国地方整備局 ／ 山口河川国道事務所,国の機関,令和７年度国道２号防府第１トンネル外照明設備工事,電気工事,一般競争入札（標準型）,2026-01-27,2026-03-13,,unknown,,,,https://www.i-ppi.jp/IPPI/SearchServices/Web/Index.htm,PPI-keika-5-2026/01/27
680,PPI,山形県,北海道・東北,国土交通省東北地方整備局 ／ 山形河川国道事務所,国の機関,国道１３号道路照明設備工事,電気工事,一般競争入札（同時提出型）,2026-01-30,2026-03-05,,unknown,,,,https://www.i-ppi.jp/IPPI/SearchServices/Web/Index.htm,PPI-keika-5-2026/01/30
688,PPI,山形県,北海道・東北,国土交通省東北地方整備局 ／ 山形河川国道事務所,国の機関,猪ノ鼻トンネル外照明設備工事,電気工事,一般競争入札（標準型）,2025-07-16,2025-10-17,,unknown,,,,https://www.i-ppi.jp/IPPI/SearchServices/Web/Index.htm,PPI-keika-13-2025/07/16
691,PPI,山形県,北海道・東北,国土交通省東北地方整備局 ／ 山形河川国道事務所,国の機関,小国地区トンネル照明設備工事,電気工事,一般競争入札（同時提出型）,2025-06-26,2025-08-05,,unknown,,,,https://www.i-ppi.jp/IPPI/SearchServices/Web/Index.htm,PPI-keika-16-2025/06/26
736,PPI,岐阜県,東海,国土交通省中部地方整備局 ／ 岐阜国道事務所,国の機関,令和８年度 岐阜・大垣管内照明修繕工事,電気工事,一般競争入札（同時提出型）,2026-04-28,2026-06-25,,unknown,,,,https://www.i-ppi.jp/IPPI/SearchServices/Web/Index.htm,PPI-keika-1-2026/04/28
750,PPI,岐阜県,東海,国土交通省中部地方整備局 ／ 岐阜国道事務所,国の機関,令和７年度 美濃加茂・八幡管内照明修繕工事,電気工事,一般競争入札（同時提出型）,2025-10-28,2025-12-11,,unknown,,,,https://www.i-ppi.jp/IPPI/SearchServices/Web/Index.htm,PPI-keika-15-2025/10/28
785,PPI,岡山県,中国,国土交通省中国地方整備局 ／ 岡山国道事務所,国の機関,令和７年度岡山国道管内道路照明設備その２工事,電気工事,一般競争入札（標準型）,2026-01-19,2026-02-24,,unknown,,,,https://www.i-ppi.jp/IPPI/SearchServices/Web/Index.htm,PPI-keika-10-2026/01/19
790,PPI,岡山県,中国,国土交通省中国地方整備局 ／ 岡山国道事務所,国の機関,令和７年度岡山国道管内道路照明設備工事,電気工事,一般競争入札（同時提出型）,2025-12-11,2026-01-27,,unknown,,,,https://www.i-ppi.jp/IPPI/SearchServices/Web/Index.htm,PPI-keika-15-2025/12/11
776,PPI,広島県,中国,国土交通省中国地方整備局 ／ 広島国道事務所,国の機関,令和８年度国道５４号可部トンネル外照明設備工事,電気工事,一般競争入札（同時提出型）,2026-02-18,2026-04-22,,unknown,,山光電設工業株式会社,"168,500,000（税抜き）",https://www.i-ppi.jp/IPPI/SearchServices/Web/Index.htm,PPI-keika-1-2026/02/18
777,PPI,広島県,中国,国土交通省中国地方整備局 ／ 広島国道事務所,国の機関,令和８年度国道５４号基町共同溝外電気附帯設備工事,電気工事,一般競争入札（同時提出型）,2026-02-18,2026-04-16,,unknown,,三和電設株式会社,"111,400,000（税抜き）",https://www.i-ppi.jp/IPPI/SearchServices/Web/Index.htm,PPI-keika-2-2026/02/18
778,PPI,広島県,中国,国土交通省中国地方整備局 ／ 松江国道事務所,国の機関,令和８年度松江国道事務所管内道路照明設備他工事,電気工事,一般競争入札（同時提出型）,2026-02-17,2026-04-15,,unknown,,島根電工株式会社,"127,000,000（税抜き）",https://www.i-ppi.jp/IPPI/SearchServices/Web/Index.htm,PPI-keika-3-2026/02/17
782,PPI,広島県,中国,国土交通省中国地方整備局 ／ 温井ダム管理所,国の機関,令和７年度温井ダム照明設備工事,電気工事,一般競争入札（標準型）,2026-02-10,2026-03-12,,unknown,,,,https://www.i-ppi.jp/IPPI/SearchServices/Web/Index.htm,PPI-keika-7-2026/02/10
781,PPI,広島県,中国,国土交通省中国地方整備局 ／ 三次河川国道事務所,国の機関,令和７年度国道５４号三次地区外道路照明設備工事,電気工事,一般競争入札（標準型）,2026-01-27,2026-03-12,,unknown,,,,https://www.i-ppi.jp/IPPI/SearchServices/Web/Index.htm,PPI-keika-6-2026/01/27
759,PPI,広島県,中国,国土交通省中国地方整備局 ／ 浜田河川国道事務所,国の機関,令和７年度国道１９１号田万川トンネル外照明設備工事,電気工事,一般競争入札（標準型）,2026-01-20,2026-03-13,,unknown,,島根電工株式会社,"108,000,000（税抜き）",https://www.i-ppi.jp/IPPI/SearchServices/Web/Index.htm,PPI-keika-4-2026/01/20
784,PPI,広島県,中国,国土交通省中国地方整備局 ／ 倉吉河川国道事務所,国の機関,令和７年度山陰道倉吉管内道路照明設備工事,電気工事,一般競争入札（同時提出型）,2026-01-14,2026-02-27,,unknown,,,,https://www.i-ppi.jp/IPPI/SearchServices/Web/Index.htm,PPI-keika-9-2026/01/14
786,PPI,広島県,中国,国土交通省中国地方整備局 ／ 倉吉河川国道事務所,国の機関,令和７年度北条道路照明設備外工事,電気工事,一般競争入札（同時提出型）,2025-12-25,2026-02-20,,unknown,,,,https://www.i-ppi.jp/IPPI/SearchServices/Web/Index.htm,PPI-keika-11-2025/12/25
789,PPI,広島県,中国,国土交通省中国地方整備局 ／ 営繕部,国の機関,令和７年度出雲職安庁舎電気設備工事,電気工事,通常型指名競争入札,2025-11-18,2026-02-04,,unknown,,,,https://www.i-ppi.jp/IPPI/SearchServices/Web/Index.htm,PPI-keika-14-2025/11/18
791,PPI,広島県,中国,国土交通省中国地方整備局 ／ 浜田河川国道事務所,国の機関,令和７年度国道１９１号人形トンネル外照明設備工事,電気工事,一般競争入札（同時提出型）,2025-09-09,2025-11-04,,unknown,,,,https://www.i-ppi.jp/IPPI/SearchServices/Web/Index.htm,PPI-keika-16-2025/09/09
792,PPI,広島県,中国,国土交通省中国地方整備局 ／ 松江国道事務所,国の機関,令和７年度松江道路古志原トンネル外照明設備工事,電気工事,一般競争入札（同時提出型）,2025-07-29,2025-09-18,,unknown,,,,https://www.i-ppi.jp/IPPI/SearchServices/Web/Index.htm,PPI-keika-17-2025/07/29
793,PPI,広島県,中国,国土交通省中国地方整備局 ／ 倉吉河川国道事務所,国の機関,令和７年度倉吉管内道路照明設備工事,電気工事,一般競争入札（同時提出型）,2025-07-14,2025-09-04,,unknown,,,,https://www.i-ppi.jp/IPPI/SearchServices/Web/Index.htm,PPI-keika-18-2025/07/14
794,PPI,広島県,中国,国土交通省中国地方整備局 ／ 広島国道事務所,国の機関,令和７年度呉・西条地区道路照明設備工事,電気工事,一般競争入札（同時提出型）,2025-06-10,2025-07-30,,unknown,,,,https://www.i-ppi.jp/IPPI/SearchServices/Web/Index.htm,PPI-keika-19-2025/06/10
795,PPI,広島県,中国,国土交通省中国地方整備局 ／ 福山河川国道事務所,国の機関,令和７年度福山管内道路照明設備工事,電気工事,一般競争入札（同時提出型）,2025-06-06,2025-07-22,,unknown,,,,https://www.i-ppi.jp/IPPI/SearchServices/Web/Index.htm,PPI-keika-20-2025/06/06
801,PPI,徳島県,四国,国土交通省四国地方整備局 ／ 徳島河川国道事務所,国の機関,令和７ー８年度 徳島地区道路照明設備工事,電気工事,一般競争入札（同時提出型）,2026-01-15,2026-03-04,,unknown,,,,https://www.i-ppi.jp/IPPI/SearchServices/Web/Index.htm,PPI-keika-6-2026/01/15
810,PPI,徳島県,四国,国土交通省四国地方整備局 ／ 徳島河川国道事務所,国の機関,令和７年度 鳴門地区外道路照明設備工事,電気工事,一般競争入札（同時提出型）,2025-05-12,2025-07-03,,unknown,,,,https://www.i-ppi.jp/IPPI/SearchServices/Web/Index.htm,PPI-keika-15-2025/05/12
814,PPI,徳島県,四国,国土交通省四国地方整備局 ／ 徳島河川国道事務所,国の機関,令和６ー７年度 国道１９２号道路照明設備工事,電気工事,一般競争入札（同時提出型）,2025-01-09,2025-02-26,,unknown,,,,https://www.i-ppi.jp/IPPI/SearchServices/Web/Index.htm,PPI-keika-19-2025/01/09
625,愛知県(e-Aichi),愛知県,東海,,都道府県,道路附属物補修工事（八幡駅高架下）,電気工事,事後審査,2026-06-11,2026-06-16,,available,,,,https://www.chotatsu.e-aichi.jp/ebidPPIPublish/EjPPIj,AICHI-30-道路附属物補修工事（八幡駅高架下）
596,愛知県(e-Aichi),愛知県,東海,,都道府県,愛知県白壁庁舎受変電設備機器等更新工事,電気工事,一般競争,2026-06-10,2026-06-24,,available,,,,https://www.chotatsu.e-aichi.jp/ebidPPIPublish/EjPPIj,AICHI-1-愛知県白壁庁舎受変電設備機器等更新工事
624,愛知県(e-Aichi),愛知県,東海,,都道府県,下施第１４号 柳戸ポンプ場電線管路ほか 耐水化工事（週休２日）,電気工事,事後審査,2026-06-10,2026-06-17,,available,,,,https://www.chotatsu.e-aichi.jp/ebidPPIPublish/EjPPIj,AICHI-29-下施第１４号 柳戸ポンプ場電線管路ほか 
637,愛知県(e-Aichi),愛知県,東海,,都道府県,南部浄化センター／計装電気整備工事,電気工事,事後審査,2026-06-10,2026-06-17,,available,,,,https://www.chotatsu.e-aichi.jp/ebidPPIPublish/EjPPIj,AICHI-42-南部浄化センター／計装電気整備工事
611,愛知県(e-Aichi),愛知県,東海,,都道府県,交通管制機器（端末）整備工事第１次及び 信号灯器改良ＬＥＤ化工事,電気工事,一般競争,2026-06-08,2026-06-15,,available,,,,https://www.chotatsu.e-aichi.jp/ebidPPIPublish/EjPPIj,AICHI-16-交通管制機器（端末）整備工事第１次及び 
612,愛知県(e-Aichi),愛知県,東海,,都道府県,交通信号機改良工事第１次（製造工事）,電気工事,一般競争,2026-06-08,2026-06-15,,available,,,,https://www.chotatsu.e-aichi.jp/ebidPPIPublish/EjPPIj,AICHI-17-交通信号機改良工事第１次（製造工事）
613,愛知県(e-Aichi),愛知県,東海,,都道府県,交通信号機改良工事第１次（設置工事）,電気工事,一般競争,2026-06-08,2026-06-15,,available,,,,https://www.chotatsu.e-aichi.jp/ebidPPIPublish/EjPPIj,AICHI-18-交通信号機改良工事第１次（設置工事）
614,愛知県(e-Aichi),愛知県,東海,,都道府県,交通信号機改良工事第２次（製造工事）,電気工事,一般競争,2026-06-08,2026-06-15,,available,,,,https://www.chotatsu.e-aichi.jp/ebidPPIPublish/EjPPIj,AICHI-19-交通信号機改良工事第２次（製造工事）
615,愛知県(e-Aichi),愛知県,東海,,都道府県,交通信号機改良工事第２次（設置工事）,電気工事,一般競争,2026-06-08,2026-06-15,,available,,,,https://www.chotatsu.e-aichi.jp/ebidPPIPublish/EjPPIj,AICHI-20-交通信号機改良工事第２次（設置工事）
616,愛知県(e-Aichi),愛知県,東海,,都道府県,交通信号機改良工事第３次（製造工事）,電気工事,一般競争,2026-06-08,2026-06-15,,available,,,,https://www.chotatsu.e-aichi.jp/ebidPPIPublish/EjPPIj,AICHI-21-交通信号機改良工事第３次（製造工事）
617,愛知県(e-Aichi),愛知県,東海,,都道府県,交通信号機改良工事第３次（設置工事）,電気工事,一般競争,2026-06-08,2026-06-15,,available,,,,https://www.chotatsu.e-aichi.jp/ebidPPIPublish/EjPPIj,AICHI-22-交通信号機改良工事第３次（設置工事）
620,愛知県(e-Aichi),愛知県,東海,,都道府県,照明灯更新工事（Ｒ７）,電気工事,事後審査,2026-06-08,2026-06-15,,available,,,,https://www.chotatsu.e-aichi.jp/ebidPPIPublish/EjPPIj,AICHI-25-照明灯更新工事（Ｒ７）
622,愛知県(e-Aichi),愛知県,東海,,都道府県,五号浄化センター処理水流量計取替工事,電気工事,事後審査,2026-06-08,2026-06-15,,available,,,,https://www.chotatsu.e-aichi.jp/ebidPPIPublish/EjPPIj,AICHI-27-五号浄化センター処理水流量計取替工事
641,愛知県(e-Aichi),愛知県,東海,,都道府県,金城ふ頭荷さばき地照明設備（59-14、59- 15）取替その他工事,電気工事,事後審査,2026-06-08,2026-06-18,,available,,,,https://www.chotatsu.e-aichi.jp/ebidPPIPublish/EjPPIj,AICHI-46-金城ふ頭荷さばき地照明設備（59-14、
642,愛知県(e-Aichi),愛知県,東海,,都道府県,令和8年度黒川ビル電気設備改修工事,電気工事,事後審査,2026-06-05,2026-06-19,,available,,,,https://www.chotatsu.e-aichi.jp/ebidPPIPublish/EjPPIj,AICHI-47-令和8年度黒川ビル電気設備改修工事
644,愛知県(e-Aichi),愛知県,東海,衣浦西部浄化センター,都道府県,電気設備等保守点検整備業務委託(衣浦西 部浄化センター),電気工事,事後審査,2026-06-04,2026-06-17,,available,,,,https://www.chotatsu.e-aichi.jp/ebidPPIPublish/EjPPIj,AICHI-49-電気設備等保守点検整備業務委託(衣浦西 
645,愛知県(e-Aichi),愛知県,東海,矢作川浄化センター,都道府県,電気設備等保守点検整備業務委託(矢作川 浄化センター),電気工事,事後審査,2026-06-04,2026-06-17,,available,,,,https://www.chotatsu.e-aichi.jp/ebidPPIPublish/EjPPIj,AICHI-50-電気設備等保守点検整備業務委託(矢作川 
646,愛知県(e-Aichi),愛知県,東海,衣浦東部浄化センター始 め,都道府県,電気設備等保守点検整備業務委託(衣浦東 部浄化センター始め),電気工事,事後審査,2026-06-04,2026-06-17,,available,,,,https://www.chotatsu.e-aichi.jp/ebidPPIPublish/EjPPIj,AICHI-51-電気設備等保守点検整備業務委託(衣浦東 
647,愛知県(e-Aichi),愛知県,東海,日光川上流浄化センター,都道府県,電気設備等保守点検整備業務委託(日光川 上流浄化センター),電気工事,事後審査,2026-06-04,2026-06-17,,available,,,,https://www.chotatsu.e-aichi.jp/ebidPPIPublish/EjPPIj,AICHI-52-電気設備等保守点検整備業務委託(日光川 
648,愛知県(e-Aichi),愛知県,東海,五条川右岸浄化センター,都道府県,電気設備等保守点検整備業務委託(五条川 右岸浄化センター),電気工事,事後審査,2026-06-04,2026-06-17,,available,,,,https://www.chotatsu.e-aichi.jp/ebidPPIPublish/EjPPIj,AICHI-53-電気設備等保守点検整備業務委託(五条川 
649,愛知県(e-Aichi),愛知県,東海,日光川下流浄化センター,都道府県,電気設備等保守点検整備業務委託(日光川 下流浄化センター),電気工事,事後審査,2026-06-04,2026-06-17,,available,,,,https://www.chotatsu.e-aichi.jp/ebidPPIPublish/EjPPIj,AICHI-54-電気設備等保守点検整備業務委託(日光川 
650,愛知県(e-Aichi),愛知県,東海,弥富ポンプ場,都道府県,電気設備等保守点検整備業務委託(弥富ポ ンプ場),電気工事,事後審査,2026-06-04,2026-06-17,,available,,,,https://www.chotatsu.e-aichi.jp/ebidPPIPublish/EjPPIj,AICHI-55-電気設備等保守点検整備業務委託(弥富ポ 
651,愛知県(e-Aichi),愛知県,東海,衣浦西部浄化センター,都道府県,"3,4号送風機電動機計画修繕",電気工事,事後審査,2026-06-04,2026-06-17,,available,,,,https://www.chotatsu.e-aichi.jp/ebidPPIPublish/EjPPIj,"AICHI-56-3,4号送風機電動機計画修繕"
652,愛知県(e-Aichi),愛知県,東海,豊川浄化センター,都道府県,電気設備等保守点検整備業務委託(豊川浄 化センター),電気工事,事後審査,2026-06-04,2026-06-17,,available,,,,https://www.chotatsu.e-aichi.jp/ebidPPIPublish/EjPPIj,AICHI-57-電気設備等保守点検整備業務委託(豊川浄 
653,愛知県(e-Aichi),愛知県,東海,五条川左岸浄化センター 始め,都道府県,電気設備等保守点検整備業務委託(五条川 左岸浄化センター始め),電気工事,事後審査,2026-06-04,2026-06-17,,available,,,,https://www.chotatsu.e-aichi.jp/ebidPPIPublish/EjPPIj,AICHI-58-電気設備等保守点検整備業務委託(五条川 
654,愛知県(e-Aichi),愛知県,東海,境川浄化センター,都道府県,電気設備等保守点検整備業務委託(境川浄 化センター),電気工事,事後審査,2026-06-04,2026-06-17,,available,,,,https://www.chotatsu.e-aichi.jp/ebidPPIPublish/EjPPIj,AICHI-59-電気設備等保守点検整備業務委託(境川浄 
655,愛知県(e-Aichi),愛知県,東海,矢作川右岸幹線中継ポン プ場始め,都道府県,電気設備等保守点検整備業務委託(矢作川 右岸幹線中継ポンプ場始め),電気工事,事後審査,2026-06-04,2026-06-17,,available,,,,https://www.chotatsu.e-aichi.jp/ebidPPIPublish/EjPPIj,AICHI-60-電気設備等保守点検整備業務委託(矢作川 
602,愛知県(e-Aichi),愛知県,東海,西庁舎,都道府県,西庁舎受変電設備等点検整備,電気工事,事後審査,2026-06-03,2026-06-15,,available,,,,https://www.chotatsu.e-aichi.jp/ebidPPIPublish/EjPPIj,AICHI-7-西庁舎受変電設備等点検整備2026-16
603,愛知県(e-Aichi),愛知県,東海,本庁舎,都道府県,本庁舎受変電設備等点検整備,電気工事,事後審査,2026-06-03,2026-06-15,,available,,,,https://www.chotatsu.e-aichi.jp/ebidPPIPublish/EjPPIj,AICHI-8-本庁舎受変電設備等点検整備2026-16
604,愛知県(e-Aichi),愛知県,東海,自治センター,都道府県,自治センター受変電設備等点検整備2026-1 60133-000-12,電気工事,事後審査,2026-06-03,2026-06-15,,available,,,,https://www.chotatsu.e-aichi.jp/ebidPPIPublish/EjPPIj,AICHI-9-自治センター受変電設備等点検整備2026
605,愛知県(e-Aichi),愛知県,東海,議事堂,都道府県,議事堂受変電設備等点検整備,電気工事,事後審査,2026-06-03,2026-06-15,,available,,,,https://www.chotatsu.e-aichi.jp/ebidPPIPublish/EjPPIj,AICHI-10-議事堂受変電設備等点検整備2026-16
636,愛知県(e-Aichi),愛知県,東海,-,都道府県,総合体育館照明ＬＥＤ化工事,電気工事,事後審査,2026-06-03,2026-06-08,,available,,,,https://www.chotatsu.e-aichi.jp/ebidPPIPublish/EjPPIj,AICHI-41-総合体育館照明ＬＥＤ化工事
638,愛知県(e-Aichi),愛知県,東海,,都道府県,古城ポンプ場電気計装設備改良工事（週休 ２日）,電気工事,事後審査,2026-06-03,2026-06-16,,available,,,,https://www.chotatsu.e-aichi.jp/ebidPPIPublish/EjPPIj,AICHI-43-古城ポンプ場電気計装設備改良工事（週休 
643,愛知県(e-Aichi),愛知県,東海,,都道府県,庁舎無停電電源装置機器更新工事 R8,電気工事,事後審査,2026-06-03,2026-06-11,,available,,,,https://www.chotatsu.e-aichi.jp/ebidPPIPublish/EjPPIj,AICHI-48-庁舎無停電電源装置機器更新工事 R8
600,愛知県(e-Aichi),愛知県,東海,美浜自然の家,都道府県,美浜自然の家改修電気工事（第３期）,電気工事,事後審査,2026-06-02,2026-06-19,,available,,,,https://www.chotatsu.e-aichi.jp/ebidPPIPublish/EjPPIj,AICHI-5-美浜自然の家改修電気工事（第３期）202
601,愛知県(e-Aichi),愛知県,東海,刈谷北高校,都道府県,刈谷北高校校舎改修電気工事,電気工事,事後審査,2026-06-02,2026-06-19,,available,,,,https://www.chotatsu.e-aichi.jp/ebidPPIPublish/EjPPIj,AICHI-6-刈谷北高校校舎改修電気工事2026-16
629,愛知県(e-Aichi),愛知県,東海,安城市和泉公園,都道府県,和泉公園運動広場夜間照明更新工事,電気工事,事後審査,2026-06-02,2026-06-12,,available,,,,https://www.chotatsu.e-aichi.jp/ebidPPIPublish/EjPPIj,AICHI-34-和泉公園運動広場夜間照明更新工事
630,愛知県(e-Aichi),愛知県,東海,レジャープール,都道府県,安城市レジャープール監視カメラ更新修繕,電気工事,事後審査,2026-06-02,2026-06-12,,available,,,,https://www.chotatsu.e-aichi.jp/ebidPPIPublish/EjPPIj,AICHI-35-安城市レジャープール監視カメラ更新修繕
631,愛知県(e-Aichi),愛知県,東海,荻原ポンプ場,都道府県,(508100144)ポンプ場改築工事,電気工事,事後審査,2026-06-02,2026-06-10,,available,,,,https://www.chotatsu.e-aichi.jp/ebidPPIPublish/EjPPIj,AICHI-36-(508100144)ポンプ場改築工事
632,愛知県(e-Aichi),愛知県,東海,岡山第３配水池外,都道府県,(508100165)計測機器等更新工事（週休２ 日）,電気工事,事後審査,2026-06-02,2026-06-10,,available,,,,https://www.chotatsu.e-aichi.jp/ebidPPIPublish/EjPPIj,AICHI-37-(508100165)計測機器等更新工事
597,愛知県(e-Aichi),愛知県,東海,油ヶ淵水辺公園,都道府県,360133公園緑地整備工事（交付金）屋内休 憩所電気設備工事（週休２日）,電気工事,事後審査,2026-06-01,2026-06-12,,available,,,,https://www.chotatsu.e-aichi.jp/ebidPPIPublish/EjPPIj,AICHI-2-360133公園緑地整備工事（交付金）屋
606,愛知県(e-Aichi),愛知県,東海,,都道府県,愛知県東三河総合庁舎直流電源装置整流器 盤等更新工事,電気工事,事後審査,2026-06-01,2026-06-12,,available,,,,https://www.chotatsu.e-aichi.jp/ebidPPIPublish/EjPPIj,AICHI-11-愛知県東三河総合庁舎直流電源装置整流器 
619,愛知県(e-Aichi),愛知県,東海,,都道府県,岩田小学校北校舎長寿命化改良に伴う電気 工事,電気工事,事後審査,2026-06-01,2026-06-15,,available,,,,https://www.chotatsu.e-aichi.jp/ebidPPIPublish/EjPPIj,AICHI-24-岩田小学校北校舎長寿命化改良に伴う電気 
621,愛知県(e-Aichi),愛知県,東海,,都道府県,東七根第２ポンプ場ほか自動通報装置改良 工事,電気工事,事後審査,2026-06-01,2026-06-08,,available,,,,https://www.chotatsu.e-aichi.jp/ebidPPIPublish/EjPPIj,AICHI-26-東七根第２ポンプ場ほか自動通報装置改良 
623,愛知県(e-Aichi),愛知県,東海,,都道府県,公建第１０号 宮西児童館改修電気設備工 事（週休２日）,電気工事,事後審査,2026-06-01,2026-06-10,,available,,,,https://www.chotatsu.e-aichi.jp/ebidPPIPublish/EjPPIj,AICHI-28-公建第１０号 宮西児童館改修電気設備工 
634,愛知県(e-Aichi),愛知県,東海,羽黒浄水場,都道府県,羽黒浄水場電気設備更新工事（完全週休2 日制）,電気工事,事後審査,2026-06-01,2026-06-18,,available,,,,https://www.chotatsu.e-aichi.jp/ebidPPIPublish/EjPPIj,AICHI-39-羽黒浄水場電気設備更新工事（完全週休2 
640,愛知県(e-Aichi),愛知県,東海,阿久比町役場,都道府県,中央監視装置更新工事,電気工事,一般競争,2026-05-27,2026-06-09,,available,,,,https://www.chotatsu.e-aichi.jp/ebidPPIPublish/EjPPIj,AICHI-45-中央監視装置更新工事
599,愛知県(e-Aichi),愛知県,東海,畜産総合センター,都道府県,畜産総合センター管理棟等改修電気工事20 26-160106-000-15,電気工事,事後審査,2026-05-26,2026-06-12,,available,,,,https://www.chotatsu.e-aichi.jp/ebidPPIPublish/EjPPIj,AICHI-4-畜産総合センター管理棟等改修電気工事20
626,愛知県(e-Aichi),愛知県,東海,市民ギャラリー,都道府県,市民ギャラリー防犯カメラ更新修繕,電気工事,事後審査,2026-05-26,2026-06-05,,available,,,,https://www.chotatsu.e-aichi.jp/ebidPPIPublish/EjPPIj,AICHI-31-市民ギャラリー防犯カメラ更新修繕
627,愛知県(e-Aichi),愛知県,東海,歴史博物館,都道府県,歴史博物館企画展示室ほか照明設備更新修 繕,電気工事,事後審査,2026-05-26,2026-06-05,,available,,,,https://www.chotatsu.e-aichi.jp/ebidPPIPublish/EjPPIj,AICHI-32-歴史博物館企画展示室ほか照明設備更新修 
628,愛知県(e-Aichi),愛知県,東海,安城産業文化公園,都道府県,道の駅「デンパーク安城」改修電気工事,電気工事,事後審査,2026-05-26,2026-06-05,,available,,,,https://www.chotatsu.e-aichi.jp/ebidPPIPublish/EjPPIj,AICHI-33-道の駅「デンパーク安城」改修電気工事
633,愛知県(e-Aichi),愛知県,東海,,都道府県,大塚地区保育園新築電気設備工事,電気工事,一般競争,2026-05-26,2026-05-28,,available,,,,https://www.chotatsu.e-aichi.jp/ebidPPIPublish/EjPPIj,AICHI-38-大塚地区保育園新築電気設備工事
607,愛知県(e-Aichi),愛知県,東海,,都道府県,交通信号機移設工事第１次及び信号灯器改 良ＬＥＤ化工事,電気工事,一般競争,2026-05-25,2026-06-01,,available,,,,https://www.chotatsu.e-aichi.jp/ebidPPIPublish/EjPPIj,AICHI-12-交通信号機移設工事第１次及び信号灯器改 
608,愛知県(e-Aichi),愛知県,東海,,都道府県,交通信号機柱更新工事第１次及び信号灯器 ＬＥＤ化工事,電気工事,一般競争,2026-05-25,2026-06-01,,available,,,,https://www.chotatsu.e-aichi.jp/ebidPPIPublish/EjPPIj,AICHI-13-交通信号機柱更新工事第１次及び信号灯器 
609,愛知県(e-Aichi),愛知県,東海,,都道府県,交通信号機柱更新工事第２次及び信号灯器 ＬＥＤ化工事,電気工事,一般競争,2026-05-25,2026-06-01,,available,,,,https://www.chotatsu.e-aichi.jp/ebidPPIPublish/EjPPIj,AICHI-14-交通信号機柱更新工事第２次及び信号灯器 
610,愛知県(e-Aichi),愛知県,東海,,都道府県,交通信号機柱更新工事第３次及び信号灯器 ＬＥＤ化工事,電気工事,一般競争,2026-05-25,2026-06-01,,available,,,,https://www.chotatsu.e-aichi.jp/ebidPPIPublish/EjPPIj,AICHI-15-交通信号機柱更新工事第３次及び信号灯器 
618,愛知県(e-Aichi),愛知県,東海,,都道府県,前芝住宅ほか４住宅ＬＥＤ化改修工事,電気工事,事後審査,2026-05-25,2026-06-01,,available,,,,https://www.chotatsu.e-aichi.jp/ebidPPIPublish/EjPPIj,AICHI-23-前芝住宅ほか４住宅ＬＥＤ化改修工事
598,愛知県(e-Aichi),愛知県,東海,県立大学,都道府県,県立大学インキュベーション施設（仮称） 電気工事,電気工事,事後審査,2026-05-19,2026-06-05,,available,,,,https://www.chotatsu.e-aichi.jp/ebidPPIPublish/EjPPIj,AICHI-3-県立大学インキュベーション施設（仮称） 
639,愛知県(e-Aichi),愛知県,東海,,都道府県,庁舎電気設備修繕工事（週休２日）,電気工事,事後審査,2026-05-13,2026-06-05,,available,,,,https://www.chotatsu.e-aichi.jp/ebidPPIPublish/EjPPIj,AICHI-44-庁舎電気設備修繕工事（週休２日）
635,愛知県(e-Aichi),愛知県,東海,,都道府県,小牧市立米野小学校改築工事のうち電気設 備工事（週休２日制工事）(10122667),電気工事,事後審査,2026-04-13,2026-06-02,,available,,,,https://www.chotatsu.e-aichi.jp/ebidPPIPublish/EjPPIj,AICHI-40-小牧市立米野小学校改築工事のうち電気設 
737,PPI,愛知県,東海,国土交通省中部地方整備局 ／ 浜松河川国道事務所,国の機関,令和８年度 浜松道路照明設備更新工事,電気工事,一般競争入札（同時提出型）,2026-03-25,2026-05-21,,unknown,,NDS株式会社,"114,500,000（税抜き）",https://www.i-ppi.jp/IPPI/SearchServices/Web/Index.htm,PPI-keika-2-2026/03/25
738,PPI,愛知県,東海,国土交通省中部地方整備局 ／ 名古屋国道事務所,国の機関,令和８年度 三河地区道路照明設備修繕工事,電気工事,一般競争入札（同時提出型）,2026-03-25,2026-05-15,,unknown,,,,https://www.i-ppi.jp/IPPI/SearchServices/Web/Index.htm,PPI-keika-3-2026/03/25
739,PPI,愛知県,東海,国土交通省中部地方整備局 ／ 名古屋国道事務所,国の機関,令和８年度 名古屋国道管内共同溝電気設備工事,電気工事,一般競争入札（同時提出型）,2026-03-13,2026-05-08,,unknown,,末永電気株式会社,"96,300,000（税抜き）",https://www.i-ppi.jp/IPPI/SearchServices/Web/Index.htm,PPI-keika-4-2026/03/13
740,PPI,愛知県,東海,国土交通省中部地方整備局 ／ 高山国道事務所,国の機関,令和８年度 高山国道管内トンネル照明設備工事,電気工事,一般競争入札（同時提出型）,2026-03-03,2026-04-16,,unknown,,,,https://www.i-ppi.jp/IPPI/SearchServices/Web/Index.htm,PPI-keika-5-2026/03/03
741,PPI,愛知県,東海,国土交通省中部地方整備局 ／ 名古屋国道事務所,国の機関,令和７年度 名古屋国道管内電気設備工事,電気工事,随意契約,2026-02-25,2026-03-18,,unknown,,,,https://www.i-ppi.jp/IPPI/SearchServices/Web/Index.htm,PPI-keika-6-2026/02/25
744,PPI,愛知県,東海,国土交通省中部地方整備局 ／ 愛知国道事務所,国の機関,令和７年度 愛知国道事務所照明制御改修工事,電気工事,随意契約,2026-02-25,2026-03-11,,unknown,,,,https://www.i-ppi.jp/IPPI/SearchServices/Web/Index.htm,PPI-keika-9-2026/02/25
743,PPI,愛知県,東海,国土交通省中部地方整備局 ／ 多治見砂防国道事務所,国の機関,令和７年度 多治見国道道路照明設備工事,電気工事,一般競争入札（同時提出型）,2026-01-30,2026-03-12,,unknown,,,,https://www.i-ppi.jp/IPPI/SearchServices/Web/Index.htm,PPI-keika-8-2026/01/30
746,PPI,愛知県,東海,国土交通省中部地方整備局 ／ 愛知国道事務所,国の機関,令和７年度 愛知国道事務所照明制御改修工事,電気工事,一般競争入札（同時提出型）,2026-01-21,2026-03-05,,unknown,,,,https://www.i-ppi.jp/IPPI/SearchServices/Web/Index.htm,PPI-keika-11-2026/01/21
748,PPI,愛知県,東海,国土交通省中部地方整備局 ／ 名古屋国道事務所,国の機関,令和７年度 名古屋国道管内道路照明設備整備工事,電気工事,一般競争入札（同時提出型）,2026-01-15,2026-02-27,,unknown,,,,https://www.i-ppi.jp/IPPI/SearchServices/Web/Index.htm,PPI-keika-13-2026/01/15
745,PPI,愛知県,東海,国土交通省中部地方整備局 ／ 高山国道事務所,国の機関,令和７年度 高山国道トンネル照明設備工事,電気工事,一般競争入札（同時提出型）,2026-01-14,2026-03-05,,unknown,,,,https://www.i-ppi.jp/IPPI/SearchServices/Web/Index.htm,PPI-keika-10-2026/01/14
747,PPI,愛知県,東海,国土交通省中部地方整備局 ／ 中部技術事務所,国の機関,令和７年度 中部技術事務所庁舎照明改修工事,電気工事,一般競争入札（同時提出型）,2026-01-14,2026-02-27,,unknown,,,,https://www.i-ppi.jp/IPPI/SearchServices/Web/Index.htm,PPI-keika-12-2026/01/14
749,PPI,愛知県,東海,国土交通省中部地方整備局 ／ 浜松河川国道事務所,国の機関,令和７年度 浜松道路照明設備更新工事,電気工事,一般競争入札（同時提出型）,2025-12-05,2026-02-05,,unknown,,,,https://www.i-ppi.jp/IPPI/SearchServices/Web/Index.htm,PPI-keika-14-2025/12/05
752,PPI,愛知県,東海,国土交通省中部地方整備局 ／ 名四国道事務所,国の機関,令和７年度 １５５号豊田南ＢＰ電気設備工事,電気工事,一般競争入札（同時提出型）,2025-09-18,2025-11-05,,unknown,,,,https://www.i-ppi.jp/IPPI/SearchServices/Web/Index.htm,PPI-keika-17-2025/09/18
753,PPI,愛知県,東海,国土交通省中部地方整備局 ／ 名古屋国道事務所,国の機関,令和７年度 三河地区道路照明設備整備工事,電気工事,一般競争入札（同時提出型）,2025-09-04,2025-10-17,,unknown,,,,https://www.i-ppi.jp/IPPI/SearchServices/Web/Index.htm,PPI-keika-18-2025/09/04
755,PPI,愛知県,東海,国土交通省中部地方整備局 ／ 中部技術事務所,国の機関,令和７年度 中部技術事務所照明改修工事,電気工事,一般競争入札（同時提出型）,2025-07-31,2025-09-19,,unknown,,,,https://www.i-ppi.jp/IPPI/SearchServices/Web/Index.htm,PPI-keika-20-2025/07/31
754,PPI,愛知県,東海,国土交通省中部地方整備局 ／ 営繕部,国の機関,令和７年度 名古屋国税局業務センター電気設備工事,電気工事,一般競争入札（同時提出型）,2025-07-23,2025-10-09,,unknown,,,,https://www.i-ppi.jp/IPPI/SearchServices/Web/Index.htm,PPI-keika-19-2025/07/23
717,PPI,新潟県,甲信越・北陸,国土交通省北陸地方整備局 ／ 羽越河川国道事務所,国の機関,Ｒ８・９道の駅朝日休憩施設設備工事,電気工事,一般競争入札（標準型）,2026-01-27,2026-03-13,,unknown,,株式会社八重電業社,"203,700,000（税抜き）",https://www.i-ppi.jp/IPPI/SearchServices/Web/Index.htm,PPI-keika-2-2026/01/27
719,PPI,新潟県,甲信越・北陸,国土交通省北陸地方整備局 ／ 新潟国道事務所,国の機関,Ｒ７新潟国道道路照明灯改修工事,電気工事,一般競争入札（標準型）,2025-11-18,2026-01-16,,unknown,,本間電機工業株式会社,"80,200,000（税抜き）",https://www.i-ppi.jp/IPPI/SearchServices/Web/Index.htm,PPI-keika-4-2025/11/18
720,PPI,新潟県,甲信越・北陸,国土交通省北陸地方整備局 ／ 営繕部,国の機関,金沢広坂合同庁舎（２５）照明設備改修その他工事,電気工事,一般競争入札（標準型）,2025-10-02,2025-12-11,,unknown,,,,https://www.i-ppi.jp/IPPI/SearchServices/Web/Index.htm,PPI-keika-5-2025/10/02
721,PPI,新潟県,甲信越・北陸,国土交通省北陸地方整備局 ／ 金沢河川国道事務所,国の機関,Ｒ７金沢河川国道道路照明設備改修工事,電気工事,一般競争入札（標準型）,2025-09-26,2025-11-14,,unknown,,,,https://www.i-ppi.jp/IPPI/SearchServices/Web/Index.htm,PPI-keika-6-2025/09/26
722,PPI,新潟県,甲信越・北陸,国土交通省北陸地方整備局 ／ 新潟港湾・空港整備事務所,国の機関,新潟港庁舎照明設備改修工事,電気工事,一般競争入札（標準型）,2025-08-05,2025-09-25,,unknown,,,,https://www.i-ppi.jp/IPPI/SearchServices/Web/Index.htm,PPI-keika-7-2025/08/05
724,PPI,新潟県,甲信越・北陸,国土交通省北陸地方整備局 ／ 長岡国道事務所,国の機関,Ｒ７笠島トンネル照明設備外工事,電気工事,一般競争入札（標準型）,2025-07-04,2025-08-25,,unknown,,,,https://www.i-ppi.jp/IPPI/SearchServices/Web/Index.htm,PPI-keika-9-2025/07/04
725,PPI,新潟県,甲信越・北陸,国土交通省北陸地方整備局 ／ 新潟港湾空港技術調査事務所,国の機関,水理実験場照明器具取替工事,電気工事,一般競争入札（標準型）,2025-06-23,2025-08-01,,unknown,,,,https://www.i-ppi.jp/IPPI/SearchServices/Web/Index.htm,PPI-keika-10-2025/06/23
695,PPI,新潟県,甲信越・北陸,国土交通省北陸地方整備局 ／ 長岡国道事務所,国の機関,Ｒ７・８国道２８９号照明設備工事,電気工事,一般競争入札（標準型）,2025-05-23,2025-07-07,,unknown,,,,https://www.i-ppi.jp/IPPI/SearchServices/Web/Index.htm,PPI-keika-20-2025/05/23
726,PPI,新潟県,甲信越・北陸,国土交通省北陸地方整備局 ／ 長岡国道事務所,国の機関,Ｒ７・８国道２８９号照明設備工事,電気工事,一般競争入札（標準型）,2025-05-23,2025-07-07,,unknown,,,,https://www.i-ppi.jp/IPPI/SearchServices/Web/Index.htm,PPI-keika-11-2025/05/23
727,PPI,新潟県,甲信越・北陸,国土交通省北陸地方整備局 ／ 金沢河川国道事務所,国の機関,Ｒ７金沢河川国道道路照明設備更新等工事,電気工事,一般競争入札（標準型）,2025-03-28,2025-05-21,,unknown,,,,https://www.i-ppi.jp/IPPI/SearchServices/Web/Index.htm,PPI-keika-12-2025/03/28
728,PPI,新潟県,甲信越・北陸,国土交通省北陸地方整備局 ／ 新潟国道事務所,国の機関,Ｒ６新潟国道道路照明灯改修工事,電気工事,一般競争入札（標準型）,2025-02-06,2025-03-17,,unknown,,,,https://www.i-ppi.jp/IPPI/SearchServices/Web/Index.htm,PPI-keika-13-2025/02/06
731,PPI,新潟県,甲信越・北陸,国土交通省北陸地方整備局 ／ 金沢河川国道事務所,国の機関,Ｒ６能越道別所岳等配電線路復旧工事,電気工事,一般競争入札（標準型）,2024-10-11,2024-11-25,,unknown,,,,https://www.i-ppi.jp/IPPI/SearchServices/Web/Index.htm,PPI-keika-16-2024/10/11
732,PPI,新潟県,甲信越・北陸,国土交通省北陸地方整備局 ／ 新潟港湾・空港整備事務所,国の機関,新潟港庁舎照明設備改修工事,電気工事,一般競争入札（標準型）,2024-09-05,2024-10-23,,unknown,,,,https://www.i-ppi.jp/IPPI/SearchServices/Web/Index.htm,PPI-keika-17-2024/09/05
733,PPI,新潟県,甲信越・北陸,国土交通省北陸地方整備局 ／ 黒部河川事務所,国の機関,Ｒ６黒薙地先配電線等更新工事,電気工事,一般競争入札（標準型）,2024-07-18,2024-09-13,,unknown,,,,https://www.i-ppi.jp/IPPI/SearchServices/Web/Index.htm,PPI-keika-18-2024/07/18
734,PPI,新潟県,甲信越・北陸,国土交通省北陸地方整備局 ／ 金沢営繕事務所,国の機関,輪島地方合同庁舎（２４）照明設備改修工事,電気工事,一般競争入札（標準型）,2024-07-12,2024-08-29,,unknown,,,,https://www.i-ppi.jp/IPPI/SearchServices/Web/Index.htm,PPI-keika-19-2024/07/12
735,PPI,新潟県,甲信越・北陸,国土交通省北陸地方整備局 ／ 営繕部,国の機関,金沢駅西合同庁舎（２４）照明設備改修工事,電気工事,一般競争入札（標準型）,2024-05-30,2024-07-29,,unknown,,,,https://www.i-ppi.jp/IPPI/SearchServices/Web/Index.htm,PPI-keika-20-2024/05/30
696,PPI,東京都,関東,国土交通省関東地方整備局 ／ 高崎河川国道事務所,国の機関,Ｒ７高崎管内照明設備修繕工事,電気工事,一般競争入札（標準型）,2026-05-15,2026-06-24,,unknown,,,,https://www.i-ppi.jp/IPPI/SearchServices/Web/Index.htm,PPI-keika-1-2026/05/15
697,PPI,東京都,関東,国土交通省関東地方整備局 ／ 甲武営繕事務所,国の機関,警視庁警察学校（２６）電気設備改修工事,電気工事,公募型指名競争入札（標準型）,2026-04-22,2026-06-24,,unknown,,,,https://www.i-ppi.jp/IPPI/SearchServices/Web/Index.htm,PPI-keika-2-2026/04/22
698,PPI,東京都,関東,国土交通省関東地方整備局 ／ 横浜営繕事務所,国の機関,横浜税関南本牧埠頭検査場（仮称）（２６）電気設備工事,電気工事,一般競争入札（標準型）,2026-03-13,2026-06-03,,unknown,,株式会社大三洋行,"500,000,000（税抜き）",https://www.i-ppi.jp/IPPI/SearchServices/Web/Index.htm,PPI-keika-3-2026/03/13
699,PPI,東京都,関東,国土交通省関東地方整備局 ／ 江戸川河川事務所,国の機関,Ｒ７江戸川管内施設照明設備更新工事,電気工事,一般競争入札（標準型）,2026-03-11,2026-04-22,,unknown,,,,https://www.i-ppi.jp/IPPI/SearchServices/Web/Index.htm,PPI-keika-4-2026/03/11
700,PPI,東京都,関東,国土交通省関東地方整備局 ／ 利根川ダム統合管理事務所,国の機関,Ｒ７利根川ダム管内堤体照明設備更新工事,電気工事,一般競争入札（標準型）,2026-02-06,2026-03-25,,unknown,,,,https://www.i-ppi.jp/IPPI/SearchServices/Web/Index.htm,PPI-keika-5-2026/02/06
701,PPI,東京都,関東,国土交通省関東地方整備局 ／ 横浜国道事務所,国の機関,Ｒ７横浜国道事務所管内道路照明設備工事,電気工事,一般競争入札（標準型）,2026-02-05,2026-03-18,,unknown,,,,https://www.i-ppi.jp/IPPI/SearchServices/Web/Index.htm,PPI-keika-6-2026/02/05
702,PPI,東京都,関東,国土交通省関東地方整備局 ／ 鬼怒川ダム統合管理事務所,国の機関,Ｒ７川俣ダム外照明設備更新工事,電気工事,一般競争入札（標準型）,2026-02-05,2026-03-18,,unknown,,,,https://www.i-ppi.jp/IPPI/SearchServices/Web/Index.htm,PPI-keika-7-2026/02/05
703,PPI,東京都,関東,国土交通省関東地方整備局 ／ 宇都宮国道事務所,国の機関,Ｒ７宇都宮国道事務所国分寺出張所外照明設備改修工事,電気工事,公募型指名競争入札（標準型）,2026-02-05,2026-03-17,,unknown,,,,https://www.i-ppi.jp/IPPI/SearchServices/Web/Index.htm,PPI-keika-8-2026/02/05
714,PPI,東京都,関東,国土交通省関東地方整備局 ／ 甲府河川国道事務所,国の機関,Ｒ７国道５２号南部・塩沢トンネル照明更新他工事,電気工事,一般競争入札（標準型）,2026-01-30,2026-03-05,,unknown,,,,https://www.i-ppi.jp/IPPI/SearchServices/Web/Index.htm,PPI-keika-19-2026/01/30
706,PPI,東京都,関東,国土交通省関東地方整備局 ／ 常陸河川国道事務所,国の機関,Ｒ７常陸河川国道管内道路照明改修（その１）工事,電気工事,一般競争入札（標準型）,2026-01-29,2026-03-10,,unknown,,,,https://www.i-ppi.jp/IPPI/SearchServices/Web/Index.htm,PPI-keika-11-2026/01/29
707,PPI,東京都,関東,国土交通省関東地方整備局 ／ 常陸河川国道事務所,国の機関,Ｒ７常陸河川国道管内道路照明改修（その２）工事,電気工事,一般競争入札（標準型）,2026-01-29,2026-03-10,,unknown,,,,https://www.i-ppi.jp/IPPI/SearchServices/Web/Index.htm,PPI-keika-12-2026/01/29
708,PPI,東京都,関東,国土交通省関東地方整備局 ／ 常陸河川国道事務所,国の機関,Ｒ７常陸河川国道管内道路照明改修（その３）工事,電気工事,一般競争入札（標準型）,2026-01-29,2026-03-10,,unknown,,,,https://www.i-ppi.jp/IPPI/SearchServices/Web/Index.htm,PPI-keika-13-2026/01/29
705,PPI,東京都,関東,国土交通省関東地方整備局 ／ 品木ダム水質管理所,国の機関,Ｒ７品木ダム照明設備更新工事,電気工事,公募型指名競争入札（標準型）,2026-01-23,2026-03-12,,unknown,,,,https://www.i-ppi.jp/IPPI/SearchServices/Web/Index.htm,PPI-keika-10-2026/01/23
713,PPI,東京都,関東,国土交通省関東地方整備局 ／ 高崎河川国道事務所,国の機関,Ｒ７高崎管内照明設備改修他その２工事,電気工事,一般競争入札（標準型）,2026-01-23,2026-03-05,,unknown,,,,https://www.i-ppi.jp/IPPI/SearchServices/Web/Index.htm,PPI-keika-18-2026/01/23
704,PPI,東京都,関東,国土交通省関東地方整備局 ／ 大宮国道事務所,国の機関,Ｒ７小渕立体地下道照明設備設置工事,電気工事,一般競争入札（標準型）,2026-01-21,2026-03-12,,unknown,,,,https://www.i-ppi.jp/IPPI/SearchServices/Web/Index.htm,PPI-keika-9-2026/01/21
712,PPI,東京都,関東,国土交通省関東地方整備局 ／ 大宮国道事務所,国の機関,Ｒ７大宮国道管内照明設備設置工事,電気工事,一般競争入札（標準型）,2026-01-21,2026-03-05,,unknown,,,,https://www.i-ppi.jp/IPPI/SearchServices/Web/Index.htm,PPI-keika-17-2026/01/21
711,PPI,東京都,関東,国土交通省関東地方整備局 ／ 宇都宮国道事務所,国の機関,Ｒ７国分寺出張所管内道路照明設備改修工事,電気工事,一般競争入札（標準型）,2026-01-19,2026-03-05,,unknown,,,,https://www.i-ppi.jp/IPPI/SearchServices/Web/Index.htm,PPI-keika-16-2026/01/19
710,PPI,東京都,関東,国土交通省関東地方整備局 ／ 東京第一営繕事務所,国の機関,皇宮警察学校他（２５）電気設備工事,電気工事,一般競争入札（標準型）,2025-12-16,2026-03-06,,unknown,,,,https://www.i-ppi.jp/IPPI/SearchServices/Web/Index.htm,PPI-keika-15-2025/12/16
756,PPI,滋賀県,近畿,国土交通省近畿地方整備局 ／ 滋賀国道事務所,国の機関,Ｒ８野洲栗東バイパス他照明設備設置工事,電気工事,一般競争入札（標準型）,2026-02-13,2026-04-09,,unknown,,紀南電設株式会社,"118,850,000（税抜き）",https://www.i-ppi.jp/IPPI/SearchServices/Web/Index.htm,PPI-keika-1-2026/02/13
772,PPI,滋賀県,近畿,国土交通省近畿地方整備局 ／ 滋賀国道事務所,国の機関,滋賀国道管内道路照明設備工事,電気工事,一般競争入札（標準型）,2025-05-23,2025-07-16,,unknown,,,,https://www.i-ppi.jp/IPPI/SearchServices/Web/Index.htm,PPI-keika-17-2025/05/23
816,PPI,熊本県,九州・沖縄,国土交通省九州地方整備局 ／ 熊本営繕事務所,国の機関,ハローワーク熊本（Ｒ８）電気改修工事,電気工事,一般競争入札（標準型）,2026-05-14,2026-06-30,,unknown,,,,https://www.i-ppi.jp/IPPI/SearchServices/Web/Index.htm,PPI-keika-1-2026/05/14
823,PPI,熊本県,九州・沖縄,国土交通省九州地方整備局 ／ 熊本河川国道事務所,国の機関,Ｒ８熊本河川国道事務所庁舎外電灯設備改修工事,電気工事,一般競争入札（標準型）,2026-03-03,2026-04-20,,unknown,,,,https://www.i-ppi.jp/IPPI/SearchServices/Web/Index.htm,PPI-keika-8-2026/03/03
831,PPI,熊本県,九州・沖縄,国土交通省九州地方整備局 ／ 熊本河川国道事務所,国の機関,令和７年度熊本北部道路照明設備更新工事,電気工事,一般競争入札（標準型）,2026-01-16,2026-02-27,,unknown,,,,https://www.i-ppi.jp/IPPI/SearchServices/Web/Index.htm,PPI-keika-16-2026/01/16
832,PPI,熊本県,九州・沖縄,国土交通省九州地方整備局 ／ 熊本河川国道事務所,国の機関,令和７年度熊本南部道路照明設備更新工事,電気工事,一般競争入札（標準型）,2026-01-16,2026-02-27,,unknown,,,,https://www.i-ppi.jp/IPPI/SearchServices/Web/Index.htm,PPI-keika-17-2026/01/16
768,PPI,福井県,甲信越・北陸,国土交通省近畿地方整備局 ／ 福井河川国道事務所,国の機関,国道２７号国吉城トンネル他照明設備更新工事,電気工事,一般競争入札（標準型）,2025-09-05,2025-10-29,,unknown,,,,https://www.i-ppi.jp/IPPI/SearchServices/Web/Index.htm,PPI-keika-13-2025/09/05
817,PPI,福岡県,九州・沖縄,国土交通省九州地方整備局 ／ 福岡国道事務所,国の機関,令和８年度 福岡国道管内北部地区ＬＥＤ道路照明灯具更新外工事,電気工事,一般競争入札（標準型）,2026-03-12,2026-05-13,,unknown,,三交電気工事（株）,"81,240,000（税抜き）",https://www.i-ppi.jp/IPPI/SearchServices/Web/Index.htm,PPI-keika-2-2026/03/12
818,PPI,福岡県,九州・沖縄,国土交通省九州地方整備局 ／ 福岡国道事務所,国の機関,令和８年度 福岡国道管内南部地区ＬＥＤ道路照明灯具更新外工事,電気工事,一般競争入札（標準型）,2026-03-12,2026-05-13,,unknown,,豊南電工（株）,"53,150,000（税抜き）",https://www.i-ppi.jp/IPPI/SearchServices/Web/Index.htm,PPI-keika-3-2026/03/12
819,PPI,福岡県,九州・沖縄,国土交通省九州地方整備局 ／ 菊池川河川事務所,国の機関,令和８年度竜門ダム堤体照明設備更新工事,電気工事,一般競争入札（標準型）,2026-03-10,2026-04-23,,unknown,,（株）木村電気工事店,"120,000,000（税抜き）",https://www.i-ppi.jp/IPPI/SearchServices/Web/Index.htm,PPI-keika-4-2026/03/10
821,PPI,福岡県,九州・沖縄,国土交通省九州地方整備局 ／ 八代河川国道事務所,国の機関,Ｒ８八代河川国道事務所庁舎電灯設備改修工事,電気工事,一般競争入札（標準型）,2026-02-20,2026-04-21,,unknown,,,,https://www.i-ppi.jp/IPPI/SearchServices/Web/Index.htm,PPI-keika-6-2026/02/20
820,PPI,福岡県,九州・沖縄,国土交通省九州地方整備局 ／ 営繕部,国の機関,鹿児島第２合同庁舎（Ｒ８）電気改修その他工事,電気工事,一般競争入札（標準型）,2026-02-09,2026-04-21,,unknown,,,,https://www.i-ppi.jp/IPPI/SearchServices/Web/Index.htm,PPI-keika-5-2026/02/09
828,PPI,福岡県,九州・沖縄,国土交通省九州地方整備局 ／ 北九州国道事務所,国の機関,令和７年度北九州国道事務所電灯設備改修工事,電気工事,一般競争入札（標準型）,2026-01-19,2026-03-02,,unknown,,,,https://www.i-ppi.jp/IPPI/SearchServices/Web/Index.htm,PPI-keika-13-2026/01/19
829,PPI,福岡県,九州・沖縄,国土交通省九州地方整備局 ／ 福岡国道事務所,国の機関,令和７年度福岡国道事務所電灯設備改修工事,電気工事,一般競争入札（標準型）,2026-01-19,2026-03-02,,unknown,,,,https://www.i-ppi.jp/IPPI/SearchServices/Web/Index.htm,PPI-keika-14-2026/01/19
826,PPI,福岡県,九州・沖縄,国土交通省九州地方整備局 ／ 営繕部,国の機関,大牟田検察支部（令７年）電気設備工事,電気工事,一般競争入札（標準型）,2026-01-16,2026-03-05,,unknown,,,,https://www.i-ppi.jp/IPPI/SearchServices/Web/Index.htm,PPI-keika-11-2026/01/16
834,PPI,福岡県,九州・沖縄,国土交通省九州地方整備局 ／ 福岡国道事務所,国の機関,令和７年度 福岡国道管内道路照明灯取替工事,電気工事,一般競争入札（標準型）,2026-01-15,2026-02-24,,unknown,,,,https://www.i-ppi.jp/IPPI/SearchServices/Web/Index.htm,PPI-keika-19-2026/01/15
835,PPI,福岡県,九州・沖縄,国土交通省九州地方整備局 ／ 延岡河川国道事務所,国の機関,令和７年度 東九州道家田小麦山トンネル外照明設備更新工事,電気工事,一般競争入札（標準型）,2025-12-23,2026-02-19,,unknown,,,,https://www.i-ppi.jp/IPPI/SearchServices/Web/Index.htm,PPI-keika-20-2025/12/23
677,PPI,秋田県,北海道・東北,国土交通省東北地方整備局 ／ 秋田河川国道事務所,国の機関,秋田管内道路照明設備工事,電気工事,一般競争入札（同時提出型）,2026-01-26,2026-03-12,,unknown,,株式会社ＣＮＳ,"81,800,000（税抜き）",https://www.i-ppi.jp/IPPI/SearchServices/Web/Index.htm,PPI-keika-2-2026/01/26
686,PPI,秋田県,北海道・東北,国土交通省東北地方整備局 ／ 秋田河川国道事務所,国の機関,桂巣トンネル外照明設備工事,電気工事,一般競争入札（同時提出型）,2025-08-29,2025-10-22,,unknown,,,,https://www.i-ppi.jp/IPPI/SearchServices/Web/Index.htm,PPI-keika-11-2025/08/29
822,PPI,長崎県,九州・沖縄,国土交通省九州地方整備局 ／ 長崎河川国道事務所,国の機関,Ｒ８長崎河川国道事務所電灯設備改修外工事,電気工事,一般競争入札（標準型）,2026-03-12,2026-04-21,,unknown,,,,https://www.i-ppi.jp/IPPI/SearchServices/Web/Index.htm,PPI-keika-7-2026/03/12
715,PPI,長野県,甲信越・北陸,国土交通省関東地方整備局 ／ 長野国道事務所,国の機関,Ｒ７国道１９号犬戻トンネル照明設備改修工事,電気工事,一般競争入札（標準型）,2026-01-15,2026-02-26,,unknown,,,,https://www.i-ppi.jp/IPPI/SearchServices/Web/Index.htm,PPI-keika-20-2026/01/15
690,PPI,青森県,北海道・東北,国土交通省東北地方整備局 ／ 青森河川国道事務所,国の機関,青森市栄町一丁目地区歩道融雪設備新設工事,電気工事,一般競争入札（同時提出型）,2025-07-03,2025-08-18,,unknown,,,,https://www.i-ppi.jp/IPPI/SearchServices/Web/Index.htm,PPI-keika-15-2025/07/03
692,PPI,青森県,北海道・東北,国土交通省東北地方整備局 ／ 青森河川国道事務所,国の機関,青森市内歩道融雪設備修繕工事,電気工事,一般競争入札（同時提出型）,2025-06-18,2025-07-25,,unknown,,,,https://www.i-ppi.jp/IPPI/SearchServices/Web/Index.htm,PPI-keika-17-2025/06/18
751,PPI,静岡県,東海,国土交通省中部地方整備局 ／ 静岡国道事務所,国の機関,令和７年度 静岡国道電気設備整備工事,電気工事,一般競争入札（同時提出型）,2025-10-03,2025-11-21,,unknown,,,,https://www.i-ppi.jp/IPPI/SearchServices/Web/Index.htm,PPI-keika-16-2025/10/03
796,PPI,香川県,四国,国土交通省四国地方整備局 ／ 松山河川国道事務所,国の機関,令和８年度 大谷・粟井坂トンネル外照明設備工事,電気工事,一般競争入札（同時提出型）,2026-02-26,2026-04-20,,unknown,,山電工業（株）,"115,000,000（税抜き）",https://www.i-ppi.jp/IPPI/SearchServices/Web/Index.htm,PPI-keika-1-2026/02/26
798,PPI,香川県,四国,国土交通省四国地方整備局 ／ 営繕部,国の機関,令和７ー９年度 今治労働総合庁舎電気設備（３）工事,電気工事,一般競争入札（標準型）,2026-01-28,2026-03-11,,unknown,,近藤電設（株）,"159,730,000（税抜き）",https://www.i-ppi.jp/IPPI/SearchServices/Web/Index.htm,PPI-keika-3-2026/01/28
797,PPI,香川県,四国,国土交通省四国地方整備局 ／ 土佐国道事務所,国の機関,令和７ー８年度 はりまや地下駐車場ＩＴＶ設備修繕外工事,電気工事,一般競争入札（同時提出型）,2026-01-21,2026-03-12,,unknown,,（株）片岡電気工事,"92,890,000（税抜き）",https://www.i-ppi.jp/IPPI/SearchServices/Web/Index.htm,PPI-keika-2-2026/01/21
800,PPI,香川県,四国,国土交通省四国地方整備局 ／ 土佐国道事務所,国の機関,令和７ー８年度 戸手野トンネル照明設備外工事,電気工事,一般競争入札（同時提出型）,2026-01-21,2026-03-06,,unknown,,,,https://www.i-ppi.jp/IPPI/SearchServices/Web/Index.htm,PPI-keika-5-2026/01/21
799,PPI,香川県,四国,国土交通省四国地方整備局 ／ 大洲河川国道事務所,国の機関,令和７ー８年度 中畑トンネル外照明設備更新工事,電気工事,一般競争入札（同時提出型）,2026-01-19,2026-03-10,,unknown,,（株）デンカ,"175,000,000（税抜き）",https://www.i-ppi.jp/IPPI/SearchServices/Web/Index.htm,PPI-keika-4-2026/01/19
802,PPI,香川県,四国,国土交通省四国地方整備局 ／ 中村河川国道事務所,国の機関,令和７ー８年度 坂本トンネル外照明設備工事,電気工事,一般競争入札（同時提出型）,2026-01-16,2026-03-04,,unknown,,,,https://www.i-ppi.jp/IPPI/SearchServices/Web/Index.htm,PPI-keika-7-2026/01/16
803,PPI,香川県,四国,国土交通省四国地方整備局 ／ 営繕部,国の機関,令和７ー８年度 土佐清水海上保安署電気設備（２）工事,電気工事,一般競争入札（標準型）,2025-12-03,2026-01-27,,unknown,,,,https://www.i-ppi.jp/IPPI/SearchServices/Web/Index.htm,PPI-keika-8-2025/12/03
804,PPI,香川県,四国,国土交通省四国地方整備局 ／ 営繕部,国の機関,令和７ー９年度 今治労働総合庁舎電気設備（２）工事,電気工事,一般競争入札（標準型）,2025-10-30,2025-12-24,,unknown,,,,https://www.i-ppi.jp/IPPI/SearchServices/Web/Index.htm,PPI-keika-9-2025/10/30
805,PPI,香川県,四国,国土交通省四国地方整備局 ／ 営繕部,国の機関,令和７ー８年度 宿毛海上保安署電気設備工事,電気工事,一般競争入札（標準型）,2025-09-17,2025-11-05,,unknown,,,,https://www.i-ppi.jp/IPPI/SearchServices/Web/Index.htm,PPI-keika-10-2025/09/17
806,PPI,香川県,四国,国土交通省四国地方整備局 ／ 営繕部,国の機関,令和７ー８年度 土佐清水海上保安署電気設備工事,電気工事,一般競争入札（標準型）,2025-09-09,2025-10-28,,unknown,,,,https://www.i-ppi.jp/IPPI/SearchServices/Web/Index.htm,PPI-keika-11-2025/09/09
807,PPI,香川県,四国,国土交通省四国地方整備局 ／ 営繕部,国の機関,令和７ー９年度 今治労働総合庁舎電気設備工事,電気工事,一般競争入札（標準型）,2025-09-02,2025-10-17,,unknown,,,,https://www.i-ppi.jp/IPPI/SearchServices/Web/Index.htm,PPI-keika-12-2025/09/02
808,PPI,香川県,四国,国土交通省四国地方整備局 ／ 営繕部,国の機関,令和７年度 徳島運輸支局電気設備改修（２）工事,電気工事,随意契約,2025-07-29,2025-09-04,,unknown,,,,https://www.i-ppi.jp/IPPI/SearchServices/Web/Index.htm,PPI-keika-13-2025/07/29
769,PPI,香川県,四国,国土交通省四国地方整備局 ／ 土佐国道事務所,国の機関,令和７年度 はりまや地下駐車場電気設備改修工事,電気工事,一般競争入札（同時提出型）,2025-06-13,2025-08-01,,unknown,,,,https://www.i-ppi.jp/IPPI/SearchServices/Web/Index.htm,PPI-keika-14-2025/06/13
811,PPI,香川県,四国,国土交通省四国地方整備局 ／ 営繕部,国の機関,令和７年度 徳島運輸支局電気設備改修工事,電気工事,一般競争入札（標準型）,2025-04-17,2025-06-17,,unknown,,,,https://www.i-ppi.jp/IPPI/SearchServices/Web/Index.htm,PPI-keika-16-2025/04/17
812,PPI,香川県,四国,国土交通省四国地方整備局 ／ 土佐国道事務所,国の機関,令和６ー７年度 土佐管内道路照明設備工事,電気工事,一般競争入札（同時提出型）,2025-01-21,2025-03-13,,unknown,,,,https://www.i-ppi.jp/IPPI/SearchServices/Web/Index.htm,PPI-keika-17-2025/01/21
813,PPI,香川県,四国,国土交通省四国地方整備局 ／ 松山河川国道事務所,国の機関,令和６ー７年度 朝倉トンネル外照明設備工事,電気工事,一般競争入札（同時提出型）,2025-01-14,2025-03-06,,unknown,,,,https://www.i-ppi.jp/IPPI/SearchServices/Web/Index.htm,PPI-keika-18-2025/01/14
815,PPI,香川県,四国,国土交通省四国地方整備局 ／ 土佐国道事務所,国の機関,令和６ー７年度 手結山トンネル外照明設備工事,電気工事,一般競争入札（同時提出型）,2024-10-18,2024-12-05,,unknown,,,,https://www.i-ppi.jp/IPPI/SearchServices/Web/Index.htm,PPI-keika-20-2024/10/18
783,PPI,鳥取県,中国,国土交通省中国地方整備局 ／ 鳥取河川国道事務所,国の機関,令和７年度鳥取管内道路照明設備工事,電気工事,一般競争入札（同時提出型）,2026-01-22,2026-03-11,,unknown,,,,https://www.i-ppi.jp/IPPI/SearchServices/Web/Index.htm,PPI-keika-8-2026/01/22
787,PPI,鳥取県,中国,国土交通省中国地方整備局 ／ 鳥取河川国道事務所,国の機関,令和７年度鳥取自動車道今岡トンネル外照明設備工事,電気工事,一般競争入札（同時提出型）,2025-12-10,2026-02-12,,unknown,,,,https://www.i-ppi.jp/IPPI/SearchServices/Web/Index.htm,PPI-keika-12-2025/12/10
788,PPI,鳥取県,中国,国土交通省中国地方整備局 ／ 鳥取河川国道事務所,国の機関,令和７年度鳥取自動車道筏津トンネル外照明設備工事,電気工事,一般競争入札（同時提出型）,2025-12-10,2026-02-12,,unknown,,,,https://www.i-ppi.jp/IPPI/SearchServices/Web/Index.htm,PPI-keika-13-2025/12/10
